timestamp,node,val1,val2,is_sos,msg
2026-05-15T08:59:13.566728,E,0.76,0.0,False,Stable
2026-05-15T08:59:13.618544,C,0.0,0.0,False,
2026-05-15T08:59:13.795665,E,0.79,0.0,False,Stable
2026-05-15T08:59:13.956615,F,39.39,135.0,False,Stable
2026-05-15T08:59:14.088592,E,0.86,0.0,False,Stable
2026-05-15T08:59:14.131594,C,0.0,0.0,False,
2026-05-15T08:59:14.264642,E,0.76,0.0,False,Stable
2026-05-15T08:59:14.540986,E,0.7,0.0,False,Stable
2026-05-15T08:59:14.687592,C,0.0,0.0,False,
2026-05-15T08:59:14.756201,E,0.75,0.0,False,Stable
2026-05-15T08:59:14.988079,E,0.88,0.0,False,Stable
2026-05-15T08:59:15.058813,F,39.05,135.0,False,Stable
2026-05-15T08:59:15.199172,E,0.72,0.0,False,Stable
2026-05-15T08:59:15.254017,C,0.0,0.0,False,
2026-05-15T08:59:15.389608,E,0.8,0.0,False,Stable
2026-05-15T08:59:15.627434,E,0.77,0.0,False,Stable
2026-05-15T08:59:15.756813,C,0.0,0.0,False,
2026-05-15T08:59:15.903962,E,0.85,0.0,False,Stable
2026-05-15T08:59:16.090947,F,40.17,135.0,False,Stable
2026-05-15T08:59:16.162115,E,0.81,0.0,False,Stable
2026-05-15T08:59:16.308275,C,0.0,0.0,False,
2026-05-15T08:59:16.373590,E,0.78,0.0,False,Stable
2026-05-15T08:59:16.585257,E,0.81,0.0,False,Stable
2026-05-15T08:59:16.778051,C,0.0,0.0,False,
2026-05-15T08:59:16.878764,E,0.83,0.0,False,Stable
2026-05-15T08:59:17.036983,E,0.74,0.0,False,Stable
2026-05-15T08:59:17.103031,F,40.17,135.0,False,Stable
2026-05-15T08:59:17.266578,E,0.89,0.0,False,Stable
2026-05-15T08:59:17.326695,C,0.0,0.0,False,
2026-05-15T08:59:17.490004,E,0.81,0.0,False,Stable
2026-05-15T08:59:17.743470,E,0.84,0.0,False,Stable
2026-05-15T08:59:17.811516,C,0.0,0.0,False,
2026-05-15T08:59:17.977149,E,0.74,0.0,False,Stable
2026-05-15T08:59:18.108058,F,0.0,0.0,False,Stable
2026-05-15T08:59:18.153426,E,0.77,0.0,False,Stable
2026-05-15T08:59:18.390850,C,0.0,0.0,False,
2026-05-15T08:59:18.436434,E,0.79,0.0,False,Stable
2026-05-15T08:59:18.631701,E,0.81,0.0,False,Stable
2026-05-15T08:59:18.907892,E,0.78,0.0,False,Stable
2026-05-15T08:59:18.953331,C,0.0,0.0,False,
2026-05-15T08:59:19.104900,E,0.66,0.0,False,Stable
2026-05-15T08:59:19.153753,F,33.01,0.0,False,Stable
2026-05-15T08:59:19.306607,E,0.85,0.0,False,Stable
2026-05-15T08:59:19.444672,C,0.0,0.0,False,
2026-05-15T08:59:19.601328,E,0.8,0.0,False,Stable
2026-05-15T08:59:19.765511,E,0.73,0.0,False,Stable
2026-05-15T08:59:19.919953,C,0.0,0.0,False,
2026-05-15T08:59:19.992635,E,0.77,0.0,False,Stable
2026-05-15T08:59:20.136426,F,36.81,0.0,False,Stable
2026-05-15T08:59:20.208398,E,0.83,0.0,False,Stable
2026-05-15T08:59:20.527531,E,0.89,0.0,False,Stable
2026-05-15T08:59:20.597038,C,0.0,0.0,False,
2026-05-15T08:59:20.728301,E,0.79,0.0,False,Stable
2026-05-15T08:59:20.914250,E,0.73,0.0,False,Stable
2026-05-15T08:59:21.024708,C,0.0,0.0,False,
2026-05-15T08:59:21.201769,E,0.77,0.0,False,Stable
2026-05-15T08:59:21.273453,F,36.81,0.0,False,Stable
2026-05-15T08:59:21.411953,E,0.79,0.0,False,Stable
2026-05-15T08:59:21.544475,C,0.0,0.0,False,
2026-05-15T08:59:21.609263,E,0.77,0.0,False,Stable
2026-05-15T08:59:21.872646,E,0.86,0.0,False,Stable
2026-05-15T08:59:22.050814,C,0.0,0.0,False,
2026-05-15T08:59:22.111693,E,0.81,0.0,False,Stable
2026-05-15T08:59:22.191745,F,37.57,135.0,False,Stable
2026-05-15T08:59:22.327312,E,0.8,0.0,False,Stable
2026-05-15T08:59:22.574497,E,0.83,0.0,False,Stable
2026-05-15T08:59:22.632195,C,0.0,0.0,False,
2026-05-15T08:59:22.762845,E,0.75,0.0,False,Stable
2026-05-15T08:59:23.028689,E,0.77,0.0,False,Stable
2026-05-15T08:59:23.086308,C,1.0,0.0,True,
2026-05-15T08:59:26.205637,E,0.81,0.0,False,Stable
2026-05-15T08:59:26.272823,C,0.0,0.0,False,
2026-05-15T08:59:26.343897,F,38.01,135.0,False,Stable
2026-05-15T08:59:26.410918,E,0.75,0.0,False,Stable
2026-05-15T08:59:26.661981,E,0.78,0.0,False,Stable
2026-05-15T08:59:26.809186,C,0.0,0.0,False,
2026-05-15T08:59:26.880376,E,0.76,0.0,False,Stable
2026-05-15T08:59:27.128891,E,0.82,0.0,False,Stable
2026-05-15T08:59:27.295925,C,0.0,0.0,False,
2026-05-15T08:59:27.363061,E,0.83,0.0,False,Stable
2026-05-15T08:59:27.431162,F,38.22,135.0,False,Stable
2026-05-15T08:59:27.558380,E,0.77,0.0,False,Stable
2026-05-15T08:59:27.775713,E,0.81,0.0,False,Stable
2026-05-15T08:59:27.836277,C,0.0,0.0,False,
2026-05-15T08:59:28.016019,E,0.8,0.0,False,Stable
2026-05-15T08:59:28.269310,E,0.83,0.0,False,Stable
2026-05-15T08:59:28.415287,C,0.0,0.0,False,
2026-05-15T08:59:28.475935,F,38.13,135.0,True,PANIC BUTTON
2026-05-15T08:59:29.436066,F,38.13,135.0,True,PANIC BUTTON
2026-05-15T08:59:32.493329,F,31.46,0.0,False,Stable
2026-05-15T08:59:32.576882,C,0.0,0.0,False,
2026-05-15T08:59:32.643110,E,0.79,0.0,False,Stable
2026-05-15T08:59:32.832311,E,0.83,0.0,False,Stable
2026-05-15T08:59:33.117143,E,0.78,0.0,False,Stable
2026-05-15T08:59:33.181683,C,0.0,0.0,False,
2026-05-15T08:59:33.340428,E,0.8,0.0,False,Stable
2026-05-15T08:59:33.530014,E,0.77,0.0,False,Stable
2026-05-15T08:59:33.599062,F,34.88,0.0,False,Stable
2026-05-15T08:59:33.669974,C,0.0,0.0,False,
2026-05-15T08:59:33.741434,E,0.76,0.0,False,Stable
2026-05-15T08:59:34.036952,E,0.76,0.0,False,Stable
2026-05-15T08:59:34.195704,C,0.0,0.0,False,
2026-05-15T08:59:34.294576,E,0.82,0.0,False,Stable
2026-05-15T08:59:34.442441,E,0.77,0.0,False,Stable
2026-05-15T08:59:34.596888,F,34.88,0.0,False,Stable
2026-05-15T08:59:34.669993,E,0.71,0.0,False,Stable
2026-05-15T08:59:34.734281,C,0.0,0.0,False,
2026-05-15T08:59:34.888090,E,0.78,0.0,False,Stable
2026-05-15T08:59:35.149261,E,0.81,0.0,False,Stable
2026-05-15T08:59:35.226440,C,0.0,0.0,False,
2026-05-15T08:59:35.396785,E,0.76,0.0,False,Stable
2026-05-15T08:59:35.583915,E,0.75,0.0,False,Stable
2026-05-15T08:59:35.661573,F,89.49,0.0,False,Stable
2026-05-15T08:59:35.830687,C,0.0,0.0,False,
2026-05-15T08:59:35.906553,E,0.79,0.0,False,Stable
2026-05-15T08:59:36.083854,E,0.82,0.0,False,Stable
2026-05-15T08:59:36.277799,E,0.88,0.0,False,Stable
2026-05-15T08:59:36.341416,C,0.0,0.0,False,
2026-05-15T08:59:36.498326,E,0.83,0.0,False,Stable
2026-05-15T08:59:36.665012,F,89.49,0.0,False,Stable
2026-05-15T08:59:36.739891,E,0.75,0.0,False,Stable
2026-05-15T08:59:36.828043,C,0.0,0.0,False,
2026-05-15T08:59:36.988752,E,0.87,0.0,False,Stable
2026-05-15T08:59:37.213482,E,0.87,0.0,False,Stable
2026-05-15T08:59:37.392343,C,0.0,0.0,False,
2026-05-15T08:59:37.464885,E,0.83,0.0,False,Stable
2026-05-15T08:59:37.650330,E,0.79,0.0,False,Stable
2026-05-15T08:59:37.737640,F,80.14,64.0,False,Stable
2026-05-15T08:59:37.889072,C,0.0,0.0,False,
2026-05-15T08:59:37.953365,E,0.79,0.0,False,Stable
2026-05-15T08:59:38.097228,E,0.74,0.0,False,Stable
2026-05-15T08:59:38.399099,E,0.82,0.0,False,Stable
2026-05-15T08:59:38.486659,C,0.0,0.0,False,
2026-05-15T08:59:38.676694,F,65.7,64.0,False,Stable
2026-05-15T08:59:38.825378,E,0.75,0.0,False,Stable
2026-05-15T08:59:38.906234,C,0.0,0.0,False,
2026-05-15T08:59:39.045755,E,0.79,0.0,False,Stable
2026-05-15T08:59:39.285418,E,0.77,0.0,False,Stable
2026-05-15T08:59:39.433244,C,0.0,0.0,False,
2026-05-15T08:59:39.492627,E,0.75,0.0,False,Stable
2026-05-15T08:59:39.679658,E,0.73,0.0,False,Stable
2026-05-15T08:59:39.737407,F,65.7,64.0,False,Stable
2026-05-15T08:59:39.924979,E,0.75,0.0,False,Stable
2026-05-15T08:59:39.982056,C,0.0,0.0,False,
2026-05-15T08:59:40.146172,E,0.78,0.0,False,Stable
2026-05-15T08:59:40.403718,E,0.83,0.0,False,Stable
2026-05-15T08:59:40.479581,C,0.0,0.0,False,
2026-05-15T08:59:40.609144,E,0.75,0.0,False,Stable
2026-05-15T08:59:40.752192,F,0.0,0.0,False,Stable
2026-05-15T08:59:40.831023,E,0.8,0.0,False,Stable
2026-05-15T08:59:40.996255,C,0.0,0.0,False,
2026-05-15T08:59:41.053767,E,0.82,0.0,False,Stable
2026-05-15T08:59:41.309863,E,0.86,0.0,False,Stable
2026-05-15T08:59:41.557477,E,0.79,0.0,False,Stable
2026-05-15T08:59:41.614382,C,0.0,0.0,False,
2026-05-15T08:59:41.763789,E,0.82,0.0,False,Stable
2026-05-15T08:59:41.820429,F,76.71,0.0,False,Stable
2026-05-15T08:59:41.990463,E,0.78,0.0,False,Stable
2026-05-15T08:59:42.074998,C,0.0,0.0,False,
2026-05-15T08:59:42.226101,E,0.85,0.0,False,Stable
2026-05-15T08:59:42.465317,E,0.78,0.0,False,Stable
2026-05-15T08:59:42.592431,C,0.0,0.0,False,
2026-05-15T08:59:42.672003,E,0.77,0.0,False,Stable
2026-05-15T08:59:42.807617,F,84.13,94.0,False,Stable
2026-05-15T08:59:42.888079,E,0.78,0.0,False,Stable
2026-05-15T08:59:43.142223,C,0.0,0.0,False,
2026-05-15T08:59:43.202894,E,0.71,0.0,False,Stable
2026-05-15T08:59:43.348235,E,0.78,0.0,False,Stable
2026-05-15T08:59:43.593346,E,0.82,0.0,False,Stable
2026-05-15T08:59:43.651788,C,0.0,0.0,False,
2026-05-15T08:59:43.814307,F,63.72,94.0,False,Stable
2026-05-15T08:59:43.884929,E,0.78,0.0,False,Stable
2026-05-15T08:59:44.030429,E,0.84,0.0,False,Stable
2026-05-15T08:59:44.174261,C,0.0,0.0,False,
2026-05-15T08:59:44.323556,E,0.79,0.0,False,Stable
2026-05-15T08:59:44.497592,E,0.8,0.0,False,Stable
2026-05-15T08:59:44.737650,C,0.0,0.0,False,
2026-05-15T08:59:44.801366,E,0.81,0.0,False,Stable
2026-05-15T08:59:44.860180,F,155.04,0.0,True,CRITICAL BPM
2026-05-15T08:59:45.906805,F,149.56,200.0,True,CRITICAL BPM
2026-05-15T08:59:48.958313,C,0.0,0.0,False,
2026-05-15T08:59:49.054945,F,39.82,94.0,False,Stable
2026-05-15T08:59:49.131038,E,0.91,0.0,False,Stable
2026-05-15T08:59:49.315106,E,0.8,0.0,False,Stable
2026-05-15T08:59:49.467586,C,0.0,0.0,False,
2026-05-15T08:59:49.542928,E,0.81,0.0,False,Stable
2026-05-15T08:59:49.796074,E,0.74,0.0,False,Stable
2026-05-15T08:59:49.971575,C,0.0,0.0,False,
2026-05-15T08:59:50.039582,F,39.82,94.0,False,Stable
2026-05-15T08:59:50.100387,E,0.75,0.0,False,Stable
2026-05-15T08:59:50.244524,E,0.82,0.0,False,Stable
2026-05-15T08:59:50.496948,E,0.72,0.0,False,Stable
2026-05-15T08:59:50.559597,C,0.0,0.0,False,
2026-05-15T08:59:50.709428,E,2.46,0.0,False,Stable
2026-05-15T08:59:50.896729,E,0.8,0.0,False,Stable
2026-05-15T08:59:51.057601,F,0.0,0.0,False,Stable
2026-05-15T08:59:51.117955,C,0.0,0.0,False,
2026-05-15T08:59:51.179845,E,2.63,0.0,True,LANDSLIDE DETECTED
2026-05-15T08:59:52.781295,E,2.55,0.0,True,LANDSLIDE DETECTED
2026-05-15T08:59:55.797459,C,0.0,0.0,False,
2026-05-15T08:59:55.988504,E,0.86,0.0,False,Stable
2026-05-15T08:59:56.210926,F,37.39,135.0,False,Stable
2026-05-15T08:59:56.279474,E,0.79,0.0,False,Stable
2026-05-15T08:59:56.338749,C,0.0,0.0,False,
2026-05-15T08:59:56.398009,E,0.76,0.0,False,Stable
2026-05-15T08:59:56.659221,E,0.75,0.0,False,Stable
2026-05-15T08:59:56.838737,C,0.0,0.0,False,
2026-05-15T08:59:56.897680,E,0.76,0.0,False,Stable
2026-05-15T08:59:57.102823,E,0.87,0.0,False,Stable
2026-05-15T08:59:57.245263,F,0.0,0.0,False,Stable
2026-05-15T08:59:57.376359,E,0.76,0.0,False,Stable
2026-05-15T08:59:57.435876,C,0.0,0.0,False,
2026-05-15T08:59:57.566779,E,0.76,0.0,False,Stable
2026-05-15T08:59:57.795086,E,0.83,0.0,False,Stable
2026-05-15T08:59:57.889478,C,0.0,0.0,False,
2026-05-15T08:59:58.058039,E,0.77,0.0,False,Stable
2026-05-15T08:59:58.225686,F,32.05,0.0,False,Stable
2026-05-15T08:59:58.297268,E,0.77,0.0,False,Stable
2026-05-15T08:59:58.458740,C,0.0,0.0,False,
2026-05-15T08:59:58.528118,E,0.69,0.0,False,Stable
2026-05-15T08:59:58.713751,E,0.7,0.0,False,Stable
2026-05-15T08:59:59.000642,E,0.77,0.0,False,Stable
2026-05-15T08:59:59.089771,C,0.0,0.0,False,
2026-05-15T08:59:59.192793,E,0.75,0.0,False,Stable
2026-05-15T08:59:59.276904,F,32.05,0.0,False,Stable
2026-05-15T08:59:59.524022,E,0.76,0.0,False,Stable
2026-05-15T08:59:59.588567,C,0.0,0.0,False,
2026-05-15T08:59:59.654186,E,0.77,0.0,False,Stable
2026-05-15T08:59:59.835211,E,0.85,0.0,False,Stable
2026-05-15T08:59:59.988680,C,0.0,0.0,False,
2026-05-15T09:00:00.074048,E,0.79,0.0,False,Stable
2026-05-15T09:00:00.315177,F,35.8,0.0,False,Stable
2026-05-15T09:00:00.374812,E,0.77,0.0,False,Stable
2026-05-15T09:00:00.534486,C,0.0,0.0,False,
2026-05-15T09:00:00.592235,E,0.78,0.0,False,Stable
2026-05-15T09:00:00.759085,E,0.75,0.0,False,Stable
2026-05-15T09:00:01.019301,E,0.86,0.0,False,Stable
2026-05-15T09:00:01.078939,C,0.0,0.0,False,
2026-05-15T09:00:01.208474,E,0.79,0.0,False,Stable
2026-05-15T09:00:01.352178,F,37.01,135.0,False,Stable
2026-05-15T09:00:01.430933,E,0.58,0.0,False,Stable
2026-05-15T09:00:01.574220,C,0.0,0.0,False,
2026-05-15T09:00:01.720940,E,0.78,0.0,False,Stable
2026-05-15T09:00:01.892267,E,0.8,0.0,False,Stable
2026-05-15T09:00:02.138676,C,0.0,0.0,False,
2026-05-15T09:00:02.204993,E,0.79,0.0,False,Stable
2026-05-15T09:00:02.340985,F,37.01,135.0,False,Stable
2026-05-15T09:00:02.401161,E,0.77,0.0,False,Stable
2026-05-15T09:00:02.643791,E,0.85,0.0,False,Stable
2026-05-15T09:00:02.701427,C,0.0,0.0,False,
2026-05-15T09:00:02.840178,E,0.72,0.0,False,Stable
2026-05-15T09:00:03.079043,E,0.73,0.0,False,Stable
2026-05-15T09:00:03.157310,C,0.0,0.0,False,
2026-05-15T09:00:03.300410,E,0.75,0.0,False,Stable
2026-05-15T09:00:03.381015,F,37.81,135.0,False,Stable
2026-05-15T09:00:03.526331,E,0.84,0.0,False,Stable
2026-05-15T09:00:03.689728,C,0.0,0.0,False,
2026-05-15T09:00:03.743480,E,0.77,0.0,False,Stable
2026-05-15T09:00:04.001010,E,0.77,0.0,False,Stable
2026-05-15T09:00:04.211199,E,0.8,0.0,False,Stable
2026-05-15T09:00:04.270643,C,0.0,0.0,False,
2026-05-15T09:00:04.438003,F,38.12,135.0,False,Stable
2026-05-15T09:00:04.503692,E,0.75,0.0,False,Stable
2026-05-15T09:00:04.645144,E,0.68,0.0,False,Stable
2026-05-15T09:00:04.792495,C,0.0,0.0,False,
2026-05-15T09:00:04.893033,E,0.78,0.0,False,Stable
2026-05-15T09:00:05.153428,E,0.71,0.0,False,Stable
2026-05-15T09:00:05.302251,C,0.0,0.0,False,
2026-05-15T09:00:05.373575,E,0.8,0.0,False,Stable
2026-05-15T09:00:05.446826,F,38.12,135.0,False,Stable
2026-05-15T09:00:05.601138,E,0.79,0.0,False,Stable
2026-05-15T09:00:05.769435,C,0.0,0.0,False,
2026-05-15T09:00:05.825394,E,0.79,0.0,False,Stable
2026-05-15T09:00:06.030846,E,0.73,0.0,False,Stable
2026-05-15T09:00:06.300914,E,0.76,0.0,False,Stable
2026-05-15T09:00:06.364251,C,0.0,0.0,False,
2026-05-15T09:00:06.506876,F,38.41,135.0,False,Stable
2026-05-15T09:00:06.568526,E,0.78,0.0,False,Stable
2026-05-15T09:00:06.714814,E,0.59,0.0,False,Stable
2026-05-15T09:00:06.865848,C,0.0,0.0,False,
2026-05-15T09:00:07.022551,E,0.77,0.0,False,Stable
2026-05-15T09:00:07.180032,E,0.76,0.0,False,Stable
2026-05-15T09:00:07.380032,C,0.0,0.0,False,
2026-05-15T09:00:07.454796,E,0.75,0.0,False,Stable
2026-05-15T09:00:07.512107,F,39.1,135.0,False,Stable
2026-05-15T09:00:07.678815,E,0.88,0.0,False,Stable
2026-05-15T09:00:07.850648,E,0.74,0.0,False,Stable
2026-05-15T09:00:07.905812,C,0.0,0.0,False,
2026-05-15T09:00:08.102237,E,0.85,0.0,False,Stable
2026-05-15T09:00:08.312076,E,0.55,0.0,False,Stable
2026-05-15T09:00:08.456213,C,0.0,0.0,False,
2026-05-15T09:00:08.512087,F,39.1,135.0,False,Stable
2026-05-15T09:00:08.562869,E,0.76,0.0,False,Stable
2026-05-15T09:00:08.778168,E,0.8,0.0,False,Stable
2026-05-15T09:00:08.941164,C,0.0,0.0,False,
2026-05-15T09:00:08.988959,E,0.8,0.0,False,Stable
2026-05-15T09:00:09.256634,E,0.78,0.0,False,Stable
2026-05-15T09:00:09.540832,C,0.0,0.0,False,
2026-05-15T09:00:09.627730,F,38.81,135.0,False,Stable
2026-05-15T09:00:09.741416,E,0.78,0.0,False,Stable
2026-05-15T09:00:09.930197,E,0.81,0.0,False,Stable
2026-05-15T09:00:10.052150,C,0.0,0.0,False,
2026-05-15T09:01:10.071347,C,1.0,0.0,True,
2026-05-15T09:01:10.586676,C,1.0,0.0,True,
2026-05-15T09:01:11.223392,C,1.0,0.0,True,
2026-05-15T09:01:11.682391,C,1.0,0.0,True,
2026-05-15T09:01:12.709531,C,1.0,0.0,True,
2026-05-15T09:01:15.868809,E,0.72,0.0,False,Stable
2026-05-15T09:01:15.910418,C,0.0,0.0,False,
2026-05-15T09:01:16.134848,E,0.8,0.0,False,Stable
2026-05-15T09:01:16.364762,E,0.78,0.0,False,Stable
2026-05-15T09:01:16.403017,C,0.0,0.0,False,
2026-05-15T09:01:16.442519,F,33.01,13.0,False,Stable
2026-05-15T09:01:16.555127,E,0.72,0.0,False,Stable
2026-05-15T09:01:16.793809,E,0.83,0.0,False,Stable
2026-05-15T09:01:16.923099,C,1.0,0.0,True,
2026-05-15T09:01:19.994897,E,0.81,0.0,False,Stable
2026-05-15T09:01:20.134191,C,0.0,0.0,False,
2026-05-15T09:01:20.261602,E,0.76,0.0,False,Stable
2026-05-15T09:01:20.449290,E,0.77,0.0,False,Stable
2026-05-15T09:01:20.582637,F,33.97,13.0,False,Stable
2026-05-15T09:01:20.634303,C,0.0,0.0,False,
2026-05-15T09:01:20.682609,E,0.8,0.0,False,Stable
2026-05-15T09:01:20.924688,E,0.76,0.0,False,Stable
2026-05-15T09:01:21.166445,E,0.82,0.0,False,Stable
2026-05-15T09:01:21.222562,C,0.0,0.0,False,
2026-05-15T09:01:21.361157,E,0.73,0.0,False,Stable
2026-05-15T09:01:21.594805,F,33.97,13.0,False,Stable
2026-05-15T09:01:21.646034,E,0.79,0.0,False,Stable
2026-05-15T09:01:21.706348,C,0.0,0.0,False,
2026-05-15T09:01:21.827815,E,0.8,0.0,False,Stable
2026-05-15T09:01:22.057575,E,0.73,0.0,False,Stable
2026-05-15T09:01:22.188607,C,1.0,0.0,True,
2026-05-15T09:01:25.243727,E,0.82,0.0,False,Stable
2026-05-15T09:01:25.370915,C,0.0,0.0,False,
2026-05-15T09:01:25.504066,E,0.8,0.0,False,Stable
2026-05-15T09:01:25.702291,F,0.0,0.0,False,Stable
2026-05-15T09:01:25.756227,E,0.79,0.0,False,Stable
2026-05-15T09:01:25.898287,C,0.0,0.0,False,
2026-05-15T09:01:25.950567,E,0.77,0.0,False,Stable
2026-05-15T09:01:26.200459,E,0.82,0.0,False,Stable
2026-05-15T09:01:26.445923,E,0.79,0.0,False,Stable
2026-05-15T09:01:26.503294,C,0.0,0.0,False,
2026-05-15T09:01:26.655301,E,0.72,0.0,False,Stable
2026-05-15T09:01:26.787985,F,0.0,0.0,False,Stable
2026-05-15T09:01:26.914719,E,0.82,0.0,False,Stable
2026-05-15T09:01:26.964615,C,0.0,0.0,False,
2026-05-15T09:01:27.103336,E,0.75,0.0,False,Stable
2026-05-15T09:01:27.352996,E,0.8,0.0,False,Stable
2026-05-15T09:01:27.490017,C,0.0,0.0,False,
2026-05-15T09:01:27.555811,E,0.75,0.0,False,Stable
2026-05-15T09:01:27.798327,F,27.62,0.0,False,Stable
2026-05-15T09:01:27.851986,E,0.75,0.0,False,Stable
2026-05-15T09:01:27.988726,C,0.0,0.0,False,
2026-05-15T09:01:28.046800,E,0.79,0.0,False,Stable
2026-05-15T09:01:28.246315,E,0.76,0.0,False,Stable
2026-05-15T09:01:28.478169,E,0.77,0.0,False,Stable
2026-05-15T09:01:28.528172,C,0.0,0.0,False,
2026-05-15T09:01:28.696575,E,0.85,0.0,False,Stable
2026-05-15T09:01:28.785723,F,27.62,0.0,False,Stable
2026-05-15T09:01:28.925068,E,0.71,0.0,False,Stable
2026-05-15T09:01:29.045931,C,0.0,0.0,False,
2026-05-15T09:01:29.199004,E,0.78,0.0,False,Stable
2026-05-15T09:01:29.368743,E,0.74,0.0,False,Stable
2026-05-15T09:01:29.628353,C,0.0,0.0,False,
2026-05-15T09:01:29.700569,E,0.79,0.0,False,Stable
2026-05-15T09:01:29.847833,F,30.53,0.0,False,Stable
2026-05-15T09:01:29.901285,E,0.75,0.0,False,Stable
2026-05-15T09:01:30.061247,E,0.76,0.0,False,Stable
2026-05-15T09:01:30.110579,C,0.0,0.0,False,
2026-05-15T09:01:30.302978,E,0.74,0.0,False,Stable
2026-05-15T09:01:30.537417,E,0.81,0.0,False,Stable
2026-05-15T09:01:30.665235,C,0.0,0.0,False,
2026-05-15T09:01:30.807883,E,0.81,0.0,False,Stable
2026-05-15T09:01:30.882835,F,31.9,13.0,False,Stable
2026-05-15T09:01:31.009144,E,0.77,0.0,False,Stable
2026-05-15T09:01:31.145745,C,0.0,0.0,False,
2026-05-15T09:01:31.200514,E,0.78,0.0,False,Stable
2026-05-15T09:01:31.448191,E,0.8,0.0,False,Stable
2026-05-15T09:01:31.681145,E,0.76,0.0,False,Stable
2026-05-15T09:01:31.738104,C,0.0,0.0,False,
2026-05-15T09:01:31.894840,F,31.9,13.0,False,Stable
2026-05-15T09:01:31.950242,E,0.79,0.0,False,Stable
2026-05-15T09:01:32.113037,E,0.8,0.0,False,Stable
2026-05-15T09:01:32.246155,C,0.0,0.0,False,
2026-05-15T09:01:32.394568,E,0.71,0.0,False,Stable
2026-05-15T09:01:32.636563,E,0.82,0.0,False,Stable
2026-05-15T09:01:32.760988,C,1.0,0.0,True,
2026-05-15T09:01:35.810003,E,0.78,0.0,False,Stable
2026-05-15T09:01:35.948019,C,0.0,0.0,False,
2026-05-15T09:01:36.003879,F,0.0,0.0,False,Stable
2026-05-15T09:01:36.058072,E,0.79,0.0,False,Stable
2026-05-15T09:01:36.299809,E,0.77,0.0,False,Stable
2026-05-15T09:01:36.431945,C,0.0,0.0,False,
2026-05-15T09:01:36.486914,E,0.78,0.0,False,Stable
2026-05-15T09:01:36.735982,E,0.8,0.0,False,Stable
2026-05-15T09:01:36.947370,E,0.77,0.0,False,Stable
2026-05-15T09:01:37.010415,C,0.0,0.0,False,
2026-05-15T09:01:37.076784,F,26.87,0.0,False,Stable
2026-05-15T09:01:37.162352,E,0.8,0.0,False,Stable
2026-05-15T09:01:37.424659,E,0.77,0.0,False,Stable
2026-05-15T09:01:37.503014,C,1.0,0.0,True,
2026-05-15T09:01:40.596324,E,0.78,0.0,False,Stable
2026-05-15T09:01:40.665802,C,0.0,0.0,False,
2026-05-15T09:01:41.077951,E,0.78,0.0,False,Stable
2026-05-15T09:01:41.140776,F,30.49,13.0,False,Stable
2026-05-15T09:01:41.201669,C,0.0,0.0,False,
2026-05-15T09:01:41.276736,E,0.76,0.0,False,Stable
2026-05-15T09:01:41.512325,E,0.77,0.0,False,Stable
2026-05-15T09:01:41.689029,C,0.0,0.0,False,
2026-05-15T09:01:41.978306,E,0.75,0.0,False,Stable
2026-05-15T09:01:42.171427,F,30.51,13.0,False,Stable
2026-05-15T09:01:42.241916,E,0.81,0.0,False,Stable
2026-05-15T09:01:42.304123,C,0.0,0.0,False,
2026-05-15T09:01:42.442622,E,0.8,0.0,False,Stable
2026-05-15T09:01:42.690604,E,0.7,0.0,False,Stable
2026-05-15T09:01:42.749991,C,1.0,0.0,True,
2026-05-15T09:01:44.318619,C,1.0,0.0,True,
2026-05-15T09:01:47.460075,E,0.73,0.0,False,Stable
2026-05-15T09:01:47.516484,C,1.0,0.0,True,
2026-05-15T09:01:48.016899,C,1.0,0.0,True,
2026-05-15T09:01:51.173763,E,0.79,0.0,False,Stable
2026-05-15T09:01:51.228206,C,0.0,0.0,False,
2026-05-15T09:01:51.347418,E,0.82,0.0,False,Stable
2026-05-15T09:01:51.477165,F,31.13,135.0,False,Stable
2026-05-15T09:01:51.611255,E,0.84,0.0,False,Stable
2026-05-15T09:01:51.735161,C,0.0,0.0,False,
2026-05-15T09:01:51.864470,E,0.76,0.0,False,Stable
2026-05-15T09:01:52.046321,E,0.78,0.0,False,Stable
2026-05-15T09:01:52.297384,C,0.0,0.0,False,
2026-05-15T09:01:52.364508,E,0.74,0.0,False,Stable
2026-05-15T09:01:52.501354,F,30.48,135.0,False,Stable
2026-05-15T09:01:52.559613,E,0.84,0.0,False,Stable
2026-05-15T09:01:52.744812,E,0.77,0.0,False,Stable
2026-05-15T09:01:52.801246,C,1.0,0.0,True,
2026-05-15T09:01:55.904224,C,0.0,0.0,False,
2026-05-15T09:01:55.957297,E,0.82,0.0,False,Stable
2026-05-15T09:01:56.194950,E,0.78,0.0,False,Stable
2026-05-15T09:01:56.428480,E,0.75,0.0,False,Stable
2026-05-15T09:01:56.477962,C,0.0,0.0,False,
2026-05-15T09:01:56.593615,F,30.34,200.0,False,Stable
2026-05-15T09:01:56.643237,E,0.75,0.0,False,Stable
2026-05-15T09:01:56.841107,E,0.77,0.0,False,Stable
2026-05-15T09:01:56.966697,C,0.0,0.0,False,
2026-05-15T09:01:57.093838,E,0.75,0.0,False,Stable
2026-05-15T09:01:57.345194,E,0.77,0.0,False,Stable
2026-05-15T09:01:57.503966,C,0.0,0.0,False,
2026-05-15T09:01:57.560911,E,0.78,0.0,False,Stable
2026-05-15T09:01:57.627460,F,30.34,200.0,False,Stable
2026-05-15T09:01:57.775407,E,0.76,0.0,False,Stable
2026-05-15T09:01:58.012867,E,0.78,0.0,False,Stable
2026-05-15T09:01:58.074038,C,1.0,0.0,True,
2026-05-15T09:02:01.193248,C,0.0,0.0,False,
2026-05-15T09:02:01.253430,E,0.78,0.0,False,Stable
2026-05-15T09:02:01.428826,E,0.83,0.0,False,Stable
2026-05-15T09:02:01.669138,E,0.76,0.0,False,Stable
2026-05-15T09:02:01.726731,C,0.0,0.0,False,
2026-05-15T09:02:01.778648,F,47.36,64.0,False,Stable
2026-05-15T09:02:01.918577,E,0.79,0.0,False,Stable
2026-05-15T09:02:02.163868,E,0.78,0.0,False,Stable
2026-05-15T09:02:02.253517,C,1.0,0.0,True,
2026-05-15T09:02:02.777225,C,1.0,0.0,True,
2026-05-15T09:02:05.408654,C,1.0,0.0,True,
2026-05-15T09:02:08.544228,E,0.78,0.0,False,Stable
2026-05-15T09:02:08.604594,C,0.0,0.0,False,
2026-05-15T09:02:08.766229,E,0.76,0.0,False,Stable
2026-05-15T09:02:09.023742,F,33.56,0.0,False,Stable
2026-05-15T09:02:09.077953,E,0.81,0.0,False,Stable
2026-05-15T09:02:09.128860,C,0.0,0.0,False,
2026-05-15T09:02:09.252941,E,0.73,0.0,False,Stable
2026-05-15T09:02:09.510128,E,0.74,0.0,False,Stable
2026-05-15T09:02:09.644304,C,0.0,0.0,False,
2026-05-15T09:02:09.714275,E,0.75,0.0,False,Stable
2026-05-15T09:02:09.896067,E,0.75,0.0,False,Stable
2026-05-15T09:02:09.945917,F,31.87,13.0,False,Stable
2026-05-15T09:02:10.125392,E,0.79,0.0,False,Stable
2026-05-15T09:02:10.179953,C,1.0,0.0,True,
2026-05-15T09:02:10.702520,C,1.0,0.0,True,
2026-05-15T09:02:13.807638,E,0.83,0.0,False,Stable
2026-05-15T09:02:13.864156,C,0.0,0.0,False,
2026-05-15T09:02:14.028705,E,0.76,0.0,False,Stable
2026-05-15T09:02:14.079665,F,30.41,13.0,False,Stable
2026-05-15T09:02:14.310742,E,0.78,0.0,False,Stable
2026-05-15T09:02:14.363266,C,0.0,0.0,False,
2026-05-15T09:02:14.492676,E,0.83,0.0,False,Stable
2026-05-15T09:02:14.753948,E,0.8,0.0,False,Stable
2026-05-15T09:02:14.898657,C,0.0,0.0,False,
2026-05-15T09:02:14.960090,E,0.8,0.0,False,Stable
2026-05-15T09:02:15.094589,F,30.41,13.0,False,Stable
2026-05-15T09:02:15.169489,E,0.77,0.0,False,Stable
2026-05-15T09:02:15.438092,E,0.75,0.0,False,Stable
2026-05-15T09:02:15.495265,C,0.0,0.0,False,
2026-05-15T09:02:15.631029,E,0.73,0.0,False,Stable
2026-05-15T09:02:15.887482,E,0.66,0.0,False,Stable
2026-05-15T09:02:15.948574,C,0.0,0.0,False,
2026-05-15T09:02:16.096824,E,0.77,0.0,False,Stable
2026-05-15T09:02:16.164314,F,30.94,64.0,False,Stable
2026-05-15T09:02:16.333328,E,0.74,0.0,False,Stable
2026-05-15T09:02:16.572894,E,0.72,0.0,False,Stable
2026-05-15T09:02:16.736124,C,0.0,0.0,False,
2026-05-15T09:02:16.789794,E,0.69,0.0,False,Stable
2026-05-15T09:02:17.035560,C,0.0,0.0,False,
2026-05-15T09:02:17.097802,E,0.8,0.0,False,Stable
2026-05-15T09:02:17.178259,F,40.07,64.0,False,Stable
2026-05-15T09:02:17.238922,E,0.86,0.0,False,Stable
2026-05-15T09:02:17.506016,E,0.72,0.0,False,Stable
2026-05-15T09:02:17.575100,C,0.0,0.0,False,
2026-05-15T09:02:17.731564,E,0.78,0.0,False,Stable
2026-05-15T09:02:17.949748,E,0.81,0.0,False,Stable
2026-05-15T09:02:18.100703,C,0.0,0.0,False,
2026-05-15T09:02:18.166000,E,0.72,0.0,False,Stable
2026-05-15T09:02:18.238031,F,58.47,64.0,False,Stable
2026-05-15T09:02:18.401070,E,0.79,0.0,False,Stable
2026-05-15T09:02:18.581263,C,0.0,0.0,False,
2026-05-15T09:02:18.644447,E,0.74,0.0,False,Stable
2026-05-15T09:02:18.903169,E,0.87,0.0,False,Stable
2026-05-15T09:02:19.083624,E,0.8,0.0,False,Stable
2026-05-15T09:02:19.187025,C,0.0,0.0,False,
2026-05-15T09:02:19.295393,F,38.31,64.0,False,Stable
2026-05-15T09:02:19.367028,E,0.85,0.0,False,Stable
2026-05-15T09:02:19.529127,E,0.78,0.0,False,Stable
2026-05-15T09:02:19.675740,C,0.0,0.0,False,
2026-05-15T09:02:19.826479,E,0.74,0.0,False,Stable
2026-05-15T09:02:19.995964,E,0.79,0.0,False,Stable
2026-05-15T09:02:20.155788,C,0.0,0.0,False,
2026-05-15T09:02:20.220268,E,0.61,0.0,False,Stable
2026-05-15T09:02:20.293861,F,52.16,64.0,False,Stable
2026-05-15T09:02:20.439506,E,1.06,0.0,False,Stable
2026-05-15T09:02:20.703232,E,0.76,0.0,False,Stable
2026-05-15T09:02:20.772516,C,0.0,0.0,False,
2026-05-15T09:02:20.894642,E,0.83,0.0,False,Stable
2026-05-15T09:02:21.168258,E,0.92,0.0,False,Stable
2026-05-15T09:02:21.242771,C,0.0,0.0,False,
2026-05-15T09:02:21.317503,F,55.25,64.0,False,Stable
2026-05-15T09:02:21.366639,E,0.75,0.0,False,Stable
2026-05-15T09:02:21.626564,E,0.78,0.0,False,Stable
2026-05-15T09:02:21.775142,C,0.0,0.0,False,
2026-05-15T09:02:21.853584,E,0.69,0.0,False,Stable
2026-05-15T09:02:22.041021,E,0.78,0.0,False,Stable
2026-05-15T09:02:22.309729,C,0.0,0.0,False,
2026-05-15T09:02:22.378584,E,0.73,0.0,False,Stable
2026-05-15T09:02:22.429756,F,55.25,64.0,False,Stable
2026-05-15T09:02:22.563633,E,0.76,0.0,False,Stable
2026-05-15T09:02:22.733245,E,0.81,0.0,False,Stable
2026-05-15T09:02:22.901119,C,0.0,0.0,False,
2026-05-15T09:02:22.958302,E,0.77,0.0,False,Stable
2026-05-15T09:02:23.235368,E,0.78,0.0,False,Stable
2026-05-15T09:02:23.370451,C,0.0,0.0,False,
2026-05-15T09:02:23.452769,F,37.87,135.0,False,Stable
2026-05-15T09:02:23.508931,E,0.82,0.0,False,Stable
2026-05-15T09:02:23.646240,E,0.81,0.0,False,Stable
2026-05-15T09:02:23.905828,C,0.0,0.0,False,
2026-05-15T09:02:23.992330,E,0.74,0.0,False,Stable
2026-05-15T09:02:24.124302,E,0.85,0.0,False,Stable
2026-05-15T09:02:24.373163,E,0.75,0.0,False,Stable
2026-05-15T09:02:24.467115,F,37.87,135.0,False,Stable
2026-05-15T09:02:24.522961,C,0.0,0.0,False,
2026-05-15T09:02:24.584537,E,0.79,0.0,False,Stable
2026-05-15T09:02:24.835237,E,0.86,0.0,False,Stable
2026-05-15T09:02:24.980674,C,0.0,0.0,False,
2026-05-15T09:02:25.047977,E,0.81,0.0,False,Stable
2026-05-15T09:02:25.299244,E,0.82,0.0,False,Stable
2026-05-15T09:02:25.461960,F,33.53,135.0,False,Stable
2026-05-15T09:02:25.519936,C,0.0,0.0,False,
2026-05-15T09:02:25.609169,E,0.81,0.0,False,Stable
2026-05-15T09:02:25.768969,E,0.69,0.0,False,Stable
2026-05-15T09:02:25.935424,E,0.75,0.0,False,Stable
2026-05-15T09:02:25.999829,C,0.0,0.0,False,
2026-05-15T09:02:26.160613,E,0.76,0.0,False,Stable
2026-05-15T09:02:26.427981,E,0.74,0.0,False,Stable
2026-05-15T09:02:26.489563,F,33.53,135.0,False,Stable
2026-05-15T09:02:26.563921,C,0.0,0.0,False,
2026-05-15T09:02:26.621960,E,0.74,0.0,False,Stable
2026-05-15T09:02:26.891362,E,0.73,0.0,False,Stable
2026-05-15T09:02:27.034570,C,0.0,0.0,False,
2026-05-15T09:02:27.095756,E,0.76,0.0,False,Stable
2026-05-15T09:02:27.372926,E,0.85,0.0,False,Stable
2026-05-15T09:02:27.448170,F,32.49,135.0,False,Stable
2026-05-15T09:02:27.588996,E,0.71,0.0,False,Stable
2026-05-15T09:02:27.653243,C,0.0,0.0,False,
2026-05-15T09:02:27.792054,E,0.83,0.0,False,Stable
2026-05-15T09:02:28.035992,E,0.77,0.0,False,Stable
2026-05-15T09:02:28.099968,C,0.0,0.0,False,
2026-05-15T09:02:28.236104,E,0.76,0.0,False,Stable
2026-05-15T09:02:28.468853,E,0.74,0.0,False,Stable
2026-05-15T09:02:28.538882,F,32.49,135.0,False,Stable
2026-05-15T09:02:28.605111,C,0.0,0.0,False,
2026-05-15T09:02:28.735741,E,0.74,0.0,False,Stable
2026-05-15T09:02:29.008597,E,0.75,0.0,False,Stable
2026-05-15T09:02:29.191928,C,0.0,0.0,False,
2026-05-15T09:02:29.253388,E,0.79,0.0,False,Stable
2026-05-15T09:02:29.395597,E,0.77,0.0,False,Stable
2026-05-15T09:02:29.521646,F,31.87,13.0,False,Stable
2026-05-15T09:02:29.603744,E,0.82,0.0,False,Stable
2026-05-15T09:02:29.677666,C,0.0,0.0,False,
2026-05-15T09:02:29.821968,E,0.8,0.0,False,Stable
2026-05-15T09:02:30.063380,E,0.83,0.0,False,Stable
2026-05-15T09:02:30.214687,C,0.0,0.0,False,
2026-05-15T09:02:30.291825,E,0.66,0.0,False,Stable
2026-05-15T09:02:30.575824,E,0.74,0.0,False,Stable
2026-05-15T09:02:30.639515,F,31.87,13.0,False,Stable
2026-05-15T09:02:30.742368,C,0.0,0.0,False,
2026-05-15T09:02:30.795839,E,0.79,0.0,False,Stable
2026-05-15T09:02:30.977808,E,0.86,0.0,False,Stable
2026-05-15T09:02:31.248167,E,0.77,0.0,False,Stable
2026-05-15T09:02:31.302926,C,0.0,0.0,False,
2026-05-15T09:02:31.429734,E,0.77,0.0,False,Stable
2026-05-15T09:02:31.593551,F,0.0,0.0,False,Stable
2026-05-15T09:02:31.741312,E,0.67,0.0,False,Stable
2026-05-15T09:02:31.812633,C,0.0,0.0,False,
2026-05-15T09:02:31.887899,E,0.79,0.0,False,Stable
2026-05-15T09:02:32.169589,E,0.71,0.0,False,Stable
2026-05-15T09:02:32.324566,C,0.0,0.0,False,
2026-05-15T09:02:32.374993,E,0.76,0.0,False,Stable
2026-05-15T09:02:32.640246,E,0.84,0.0,False,Stable
2026-05-15T09:02:32.719074,F,26.23,0.0,False,Stable
2026-05-15T09:02:32.809523,E,0.69,0.0,False,Stable
2026-05-15T09:02:32.882221,C,0.0,0.0,False,
2026-05-15T09:02:33.047005,E,0.82,0.0,False,Stable
2026-05-15T09:02:33.303064,E,0.78,0.0,False,Stable
2026-05-15T09:02:33.360925,C,0.0,0.0,False,
2026-05-15T09:02:33.510131,E,0.77,0.0,False,Stable
2026-05-15T09:02:33.646262,F,42.07,0.0,False,Stable
2026-05-15T09:02:33.724896,E,0.83,0.0,False,Stable
2026-05-15T09:02:33.993615,E,0.79,0.0,False,Stable
2026-05-15T09:02:34.062854,C,0.0,0.0,False,
2026-05-15T09:02:34.205262,E,0.9,0.0,False,Stable
2026-05-15T09:02:34.459510,C,0.0,0.0,False,
2026-05-15T09:02:34.518325,E,0.71,0.0,False,Stable
2026-05-15T09:02:34.652309,E,0.77,0.0,False,Stable
2026-05-15T09:02:34.718892,F,48.91,13.0,False,Stable
2026-05-15T09:02:34.867130,E,0.76,0.0,False,Stable
2026-05-15T09:02:34.922176,C,0.0,0.0,False,
2026-05-15T09:02:35.101527,E,0.74,0.0,False,Stable
2026-05-15T09:02:35.349816,E,0.79,0.0,False,Stable
2026-05-15T09:02:35.487101,C,0.0,0.0,False,
2026-05-15T09:02:35.568088,E,0.83,0.0,False,Stable
2026-05-15T09:02:35.725356,F,48.91,13.0,False,Stable
2026-05-15T09:02:35.796574,E,0.8,0.0,False,Stable
2026-05-15T09:02:35.976872,C,0.0,0.0,False,
2026-05-15T09:02:36.028331,E,0.82,0.0,False,Stable
2026-05-15T09:02:36.277645,E,0.73,0.0,False,Stable
2026-05-15T09:02:36.528927,E,0.74,0.0,False,Stable
2026-05-15T09:02:36.586512,C,0.0,0.0,False,
2026-05-15T09:02:36.733114,E,0.71,0.0,False,Stable
2026-05-15T09:02:36.815841,F,35.91,13.0,False,Stable
2026-05-15T09:02:36.960646,E,0.8,0.0,False,Stable
2026-05-15T09:02:37.050455,C,0.0,0.0,False,
2026-05-15T09:02:37.190210,E,0.8,0.0,False,Stable
2026-05-15T09:02:37.387197,E,0.75,0.0,False,Stable
2026-05-15T09:02:37.572863,C,0.0,0.0,False,
2026-05-15T09:02:37.653394,E,0.76,0.0,False,Stable
2026-05-15T09:02:37.780332,F,35.91,13.0,False,Stable
2026-05-15T09:02:37.846880,E,0.77,0.0,False,Stable
2026-05-15T09:02:38.102788,E,0.83,0.0,False,Stable
2026-05-15T09:02:38.173481,C,0.0,0.0,False,
2026-05-15T09:02:38.310391,E,0.84,0.0,False,Stable
2026-05-15T09:02:38.576989,E,0.79,0.0,False,Stable
2026-05-15T09:02:38.632716,C,0.0,0.0,False,
2026-05-15T09:02:38.773165,E,0.83,0.0,False,Stable
2026-05-15T09:02:38.847426,F,32.68,13.0,False,Stable
2026-05-15T09:02:39.023350,E,0.81,0.0,False,Stable
2026-05-15T09:02:39.180112,C,0.0,0.0,False,
2026-05-15T09:02:39.238536,E,0.79,0.0,False,Stable
2026-05-15T09:02:39.496881,E,0.8,0.0,False,Stable
2026-05-15T09:02:39.678226,C,0.0,0.0,False,
2026-05-15T09:02:39.740890,E,0.82,0.0,False,Stable
2026-05-15T09:02:39.797713,F,32.68,13.0,False,Stable
2026-05-15T09:02:39.956652,E,0.77,0.0,False,Stable
2026-05-15T09:02:40.161463,E,0.69,0.0,False,Stable
2026-05-15T09:02:40.236416,C,0.0,0.0,False,
2026-05-15T09:02:40.379647,E,0.81,0.0,False,Stable
2026-05-15T09:02:40.665311,E,0.87,0.0,False,Stable
2026-05-15T09:02:40.722289,C,0.0,0.0,False,
2026-05-15T09:02:40.870551,E,0.71,0.0,False,Stable
2026-05-15T09:02:40.921635,F,30.96,13.0,False,Stable
2026-05-15T09:02:41.058741,E,0.77,0.0,False,Stable
2026-05-15T09:02:41.232972,C,0.0,0.0,False,
2026-05-15T09:02:41.286171,E,0.75,0.0,False,Stable
2026-05-15T09:02:41.544151,E,0.77,0.0,False,Stable
2026-05-15T09:02:41.805254,E,0.83,0.0,False,Stable
2026-05-15T09:02:41.859603,C,0.0,0.0,False,
2026-05-15T09:02:41.913160,F,30.96,13.0,False,Stable
2026-05-15T09:02:41.963558,E,0.79,0.0,False,Stable
2026-05-15T09:02:42.226239,E,0.84,0.0,False,Stable
2026-05-15T09:02:42.279567,C,0.0,0.0,False,
2026-05-15T09:02:42.421485,E,0.78,0.0,False,Stable
2026-05-15T09:02:42.672918,E,0.78,0.0,False,Stable
2026-05-15T09:02:42.829824,C,0.0,0.0,False,
2026-05-15T09:02:42.887653,E,0.79,0.0,False,Stable
2026-05-15T09:02:42.949790,F,29.96,13.0,False,Stable
2026-05-15T09:02:43.125963,E,0.7,0.0,False,Stable
2026-05-15T09:02:43.375657,E,0.8,0.0,False,Stable
2026-05-15T09:02:43.434513,C,0.0,0.0,False,
2026-05-15T09:02:43.576950,E,0.8,0.0,False,Stable
2026-05-15T09:02:43.809658,E,0.75,0.0,False,Stable
2026-05-15T09:02:43.948168,C,0.0,0.0,False,
2026-05-15T09:02:44.005258,F,29.96,13.0,False,Stable
2026-05-15T09:02:44.059713,E,0.72,0.0,False,Stable
2026-05-15T09:02:44.308861,E,0.72,0.0,False,Stable
2026-05-15T09:02:44.466851,C,0.0,0.0,False,
2026-05-15T09:02:44.541511,E,0.86,0.0,False,Stable
2026-05-15T09:02:44.727415,E,0.83,0.0,False,Stable
2026-05-15T09:02:44.975462,C,0.0,0.0,False,
2026-05-15T09:02:45.027823,E,0.74,0.0,False,Stable
2026-05-15T09:02:45.082298,F,30.1,13.0,False,Stable
2026-05-15T09:02:45.234685,E,0.82,0.0,False,Stable
2026-05-15T09:02:45.391722,E,0.81,0.0,False,Stable
2026-05-15T09:02:45.536561,C,0.0,0.0,False,
2026-05-15T09:02:45.689878,E,0.76,0.0,False,Stable
2026-05-15T09:02:45.851605,E,0.82,0.0,False,Stable
2026-05-15T09:02:45.992785,F,46.28,135.0,False,Stable
2026-05-15T09:02:46.041276,C,0.0,0.0,False,
2026-05-15T09:02:46.093010,E,0.76,0.0,False,Stable
2026-05-15T09:02:46.345288,E,0.85,0.0,False,Stable
2026-05-15T09:02:46.526975,C,0.0,0.0,False,
2026-05-15T09:02:46.583383,E,0.77,0.0,False,Stable
2026-05-15T09:02:46.783354,E,0.78,0.0,False,Stable
2026-05-15T09:02:47.059274,E,0.79,0.0,False,Stable
2026-05-15T09:02:47.128189,F,46.76,135.0,False,Stable
2026-05-15T09:02:47.175957,C,0.0,0.0,False,
2026-05-15T09:02:47.234546,E,0.72,0.0,False,Stable
2026-05-15T09:02:47.499366,E,0.8,0.0,False,Stable
2026-05-15T09:02:47.552314,C,0.0,0.0,False,
2026-05-15T09:02:47.699213,E,0.72,0.0,False,Stable
2026-05-15T09:02:47.950187,E,0.8,0.0,False,Stable
2026-05-15T09:02:48.085825,F,58.85,135.0,False,Stable
2026-05-15T09:02:48.150904,C,0.0,0.0,False,
2026-05-15T09:02:48.206537,E,0.76,0.0,False,Stable
2026-05-15T09:02:48.376653,E,0.77,0.0,False,Stable
2026-05-15T09:02:48.644603,E,0.67,0.0,False,Stable
2026-05-15T09:02:48.700526,C,0.0,0.0,False,
2026-05-15T09:02:48.856341,E,0.83,0.0,False,Stable
2026-05-15T09:02:49.105794,E,0.81,0.0,False,Stable
2026-05-15T09:02:49.159472,F,53.11,135.0,False,Stable
2026-05-15T09:02:49.212641,C,0.0,0.0,False,
2026-05-15T09:02:49.340148,E,0.74,0.0,False,Stable
2026-05-15T09:02:49.527587,E,0.71,0.0,False,Stable
2026-05-15T09:02:49.708127,C,0.0,0.0,False,
2026-05-15T09:02:49.762089,E,0.79,0.0,False,Stable
2026-05-15T09:02:50.009262,E,0.67,0.0,False,Stable
2026-05-15T09:02:50.153198,F,53.11,135.0,False,Stable
2026-05-15T09:02:50.204376,C,0.0,0.0,False,
2026-05-15T09:02:50.257833,E,0.78,0.0,False,Stable
2026-05-15T09:02:50.452282,E,0.84,0.0,False,Stable
2026-05-15T09:02:50.702134,E,0.76,0.0,False,Stable
2026-05-15T09:02:50.757819,C,0.0,0.0,False,
2026-05-15T09:02:50.914248,E,0.73,0.0,False,Stable
2026-05-15T09:02:51.185585,E,0.77,0.0,False,Stable
2026-05-15T09:02:51.244316,F,35.59,135.0,False,Stable
2026-05-15T09:02:51.297844,C,0.0,0.0,False,
2026-05-15T09:02:51.365343,E,0.71,0.0,False,Stable
2026-05-15T09:02:51.610373,E,0.76,0.0,False,Stable
2026-05-15T09:02:51.776475,C,0.0,0.0,False,
2026-05-15T09:02:51.831361,E,0.78,0.0,False,Stable
2026-05-15T09:02:52.083134,E,0.77,0.0,False,Stable
2026-05-15T09:02:52.251016,F,48.61,135.0,False,Stable
2026-05-15T09:02:52.309811,E,0.78,0.0,False,Stable
2026-05-15T09:02:52.363798,C,0.0,0.0,False,
2026-05-15T09:02:52.504166,E,0.72,0.0,False,Stable
2026-05-15T09:02:52.772295,E,0.79,0.0,False,Stable
2026-05-15T09:02:52.825295,C,0.0,0.0,False,
2026-05-15T09:02:52.984999,E,0.76,0.0,False,Stable
2026-05-15T09:02:53.270786,F,49.36,135.0,False,Stable
2026-05-15T09:02:53.327034,E,0.79,0.0,False,Stable
2026-05-15T09:02:53.407729,C,0.0,0.0,False,
2026-05-15T09:02:53.481581,E,0.74,0.0,False,Stable
2026-05-15T09:02:53.662015,E,0.73,0.0,False,Stable
2026-05-15T09:02:53.910425,E,0.76,0.0,False,Stable
2026-05-15T09:02:53.966927,C,0.0,0.0,False,
2026-05-15T09:02:54.118817,E,0.79,0.0,False,Stable
2026-05-15T09:02:54.257831,F,49.36,135.0,False,Stable
2026-05-15T09:02:54.337767,E,0.82,0.0,False,Stable
2026-05-15T09:02:54.496570,C,0.0,0.0,False,
2026-05-15T09:02:54.576117,E,0.81,0.0,False,Stable
2026-05-15T09:02:54.811230,E,0.84,0.0,False,Stable
2026-05-15T09:02:54.951768,C,0.0,0.0,False,
2026-05-15T09:02:55.038036,E,0.85,0.0,False,Stable
2026-05-15T09:02:55.279071,F,34.16,135.0,False,Stable
2026-05-15T09:02:55.339529,E,0.79,0.0,False,Stable
2026-05-15T09:02:55.486084,E,0.77,0.0,False,Stable
2026-05-15T09:02:55.562441,C,0.0,0.0,False,
2026-05-15T09:02:55.711022,E,0.79,0.0,False,Stable
2026-05-15T09:02:55.978650,E,0.77,0.0,False,Stable
2026-05-15T09:02:56.042162,C,0.0,0.0,False,
2026-05-15T09:02:56.195044,E,0.77,0.0,False,Stable
2026-05-15T09:02:56.291921,F,34.16,135.0,False,Stable
2026-05-15T09:02:56.432743,E,0.8,0.0,False,Stable
2026-05-15T09:02:56.596158,C,0.0,0.0,False,
2026-05-15T09:02:56.669289,E,0.79,0.0,False,Stable
2026-05-15T09:02:56.851307,E,0.78,0.0,False,Stable
2026-05-15T09:02:57.112395,C,0.0,0.0,False,
2026-05-15T09:02:57.167635,E,0.81,0.0,False,Stable
2026-05-15T09:02:57.323657,F,30.05,135.0,False,Stable
2026-05-15T09:02:57.376331,E,0.78,0.0,False,Stable
2026-05-15T09:02:57.536162,E,0.78,0.0,False,Stable
2026-05-15T09:02:57.586971,C,0.0,0.0,False,
2026-05-15T09:02:57.776291,E,0.82,0.0,False,Stable
2026-05-15T09:02:58.031687,E,0.78,0.0,False,Stable
2026-05-15T09:02:58.186357,C,0.0,0.0,False,
2026-05-15T09:02:58.255172,E,0.79,0.0,False,Stable
2026-05-15T09:02:58.346875,F,45.37,64.0,False,Stable
2026-05-15T09:02:58.485144,E,0.81,0.0,False,Stable
2026-05-15T09:02:58.745060,C,0.0,0.0,False,
2026-05-15T09:02:58.808661,E,0.78,0.0,False,Stable
2026-05-15T09:02:58.970102,E,0.73,0.0,False,Stable
2026-05-15T09:02:59.230702,C,0.0,0.0,False,
2026-05-15T09:02:59.374876,F,46.41,64.0,False,Stable
2026-05-15T09:02:59.443677,E,0.84,0.0,False,Stable
2026-05-15T09:02:59.592279,E,0.86,0.0,False,Stable
2026-05-15T09:02:59.736123,C,0.0,0.0,False,
2026-05-15T09:02:59.887786,E,0.76,0.0,False,Stable
2026-05-15T09:03:00.067879,E,0.88,0.0,False,Stable
2026-05-15T09:03:00.243882,C,0.0,0.0,False,
2026-05-15T09:03:00.299160,E,0.71,0.0,False,Stable
2026-05-15T09:03:00.437912,F,56.98,64.0,False,Stable
2026-05-15T09:03:00.572886,E,0.77,0.0,False,Stable
2026-05-15T09:03:00.754920,E,0.76,0.0,False,Stable
2026-05-15T09:03:00.819360,C,0.0,0.0,False,
2026-05-15T09:03:00.979050,E,0.82,0.0,False,Stable
2026-05-15T09:03:01.239892,E,0.73,0.0,False,Stable
2026-05-15T09:03:01.307517,C,0.0,0.0,False,
2026-05-15T09:03:01.457227,F,50.84,13.0,False,Stable
2026-05-15T09:03:01.525268,E,0.78,0.0,False,Stable
2026-05-15T09:03:01.710069,E,0.78,0.0,False,Stable
2026-05-15T09:03:01.782321,C,0.0,0.0,False,
2026-05-15T09:03:01.910096,E,0.78,0.0,False,Stable
2026-05-15T09:03:02.163068,E,0.77,0.0,False,Stable
2026-05-15T09:03:02.322537,C,0.0,0.0,False,
2026-05-15T09:03:02.377754,E,0.84,0.0,False,Stable
2026-05-15T09:03:02.465992,F,50.84,13.0,False,Stable
2026-05-15T09:03:02.586556,E,0.82,0.0,False,Stable
2026-05-15T09:03:02.859437,E,0.86,0.0,False,Stable
2026-05-15T09:03:02.932115,C,0.0,0.0,False,
2026-05-15T09:03:03.079750,E,0.78,0.0,False,Stable
2026-05-15T09:03:03.257893,E,0.75,0.0,False,Stable
2026-05-15T09:03:03.401236,C,0.0,0.0,False,
2026-05-15T09:03:03.558683,F,50.84,13.0,False,Stable
2026-05-15T09:03:03.613415,E,0.72,0.0,False,Stable
2026-05-15T09:03:03.745080,E,0.78,0.0,False,Stable
2026-05-15T09:03:04.012929,E,0.8,0.0,False,Stable
2026-05-15T09:03:04.172192,E,0.77,0.0,False,Stable
2026-05-15T09:03:04.441360,E,0.76,0.0,False,Stable
2026-05-15T09:03:04.504958,C,0.0,0.0,False,
2026-05-15T09:03:04.575815,F,33.75,13.0,False,Stable
2026-05-15T09:03:04.646216,E,0.76,0.0,False,Stable
2026-05-15T09:03:04.923637,E,0.77,0.0,False,Stable
2026-05-15T09:03:04.978233,C,0.0,0.0,False,
2026-05-15T09:03:05.134576,E,0.74,0.0,False,Stable
2026-05-15T09:03:05.320690,E,0.81,0.0,False,Stable
2026-05-15T09:03:05.497494,C,0.0,0.0,False,
2026-05-15T09:03:05.569325,F,46.12,13.0,False,Stable
2026-05-15T09:03:05.643140,E,0.8,0.0,False,Stable
2026-05-15T09:03:05.797473,E,0.83,0.0,False,Stable
2026-05-15T09:03:06.053372,C,0.0,0.0,False,
2026-05-15T09:03:06.115303,E,0.73,0.0,False,Stable
2026-05-15T09:03:06.262344,E,0.78,0.0,False,Stable
2026-05-15T09:03:06.534246,E,0.77,0.0,False,Stable
2026-05-15T09:03:06.607145,C,0.0,0.0,False,
2026-05-15T09:03:06.672090,F,48.05,64.0,False,Stable
2026-05-15T09:03:06.770351,E,0.76,0.0,False,Stable
2026-05-15T09:03:06.938659,E,0.81,0.0,False,Stable
2026-05-15T09:03:07.077832,C,0.0,0.0,False,
2026-05-15T09:03:07.177718,E,0.77,0.0,False,Stable
2026-05-15T09:03:07.436127,E,0.78,0.0,False,Stable
2026-05-15T09:03:07.602760,C,0.0,0.0,False,
2026-05-15T09:03:07.668609,F,54.45,64.0,False,Stable
2026-05-15T09:03:07.746789,E,0.78,0.0,False,Stable
2026-05-15T09:03:07.896841,E,0.79,0.0,False,Stable
2026-05-15T09:03:08.101409,E,0.78,0.0,False,Stable
2026-05-15T09:03:08.171576,C,0.0,0.0,False,
2026-05-15T09:03:08.324597,E,0.77,0.0,False,Stable
2026-05-15T09:03:08.582995,E,0.84,0.0,False,Stable
2026-05-15T09:03:08.641752,F,51.88,64.0,False,Stable
2026-05-15T09:03:08.711909,C,0.0,0.0,False,
2026-05-15T09:03:08.785979,E,0.79,0.0,False,Stable
2026-05-15T09:03:09.027414,E,0.77,0.0,False,Stable
2026-05-15T09:03:09.181373,C,0.0,0.0,False,
2026-05-15T09:03:09.245425,E,0.77,0.0,False,Stable
2026-05-15T09:03:09.510974,E,0.82,0.0,False,Stable
2026-05-15T09:03:09.667940,F,60.46,135.0,False,Stable
2026-05-15T09:03:09.757297,E,0.77,0.0,False,Stable
2026-05-15T09:03:09.819539,C,0.0,0.0,False,
2026-05-15T09:03:09.954255,E,0.77,0.0,False,Stable
2026-05-15T09:03:10.142847,E,0.81,0.0,False,Stable
2026-05-15T09:03:10.234910,C,0.0,0.0,False,
2026-05-15T09:03:10.397422,E,0.78,0.0,False,Stable
2026-05-15T09:03:10.652534,E,0.77,0.0,False,Stable
2026-05-15T09:03:10.709359,F,50.62,135.0,False,Stable
2026-05-15T09:03:10.782864,C,0.0,0.0,False,
2026-05-15T09:03:10.869328,E,0.76,0.0,False,Stable
2026-05-15T09:03:11.061672,E,0.74,0.0,False,Stable
2026-05-15T09:03:11.335326,C,0.0,0.0,False,
2026-05-15T09:03:11.390335,E,0.76,0.0,False,Stable
2026-05-15T09:03:11.534158,E,0.76,0.0,False,Stable
2026-05-15T09:03:11.726977,F,58.03,135.0,False,Stable
2026-05-15T09:03:11.802878,E,0.82,0.0,False,Stable
2026-05-15T09:03:11.863929,C,0.0,0.0,False,
2026-05-15T09:03:12.003275,E,0.79,0.0,False,Stable
2026-05-15T09:03:12.194225,E,0.79,0.0,False,Stable
2026-05-15T09:03:12.344189,C,0.0,0.0,False,
2026-05-15T09:03:12.433518,E,0.79,0.0,False,Stable
2026-05-15T09:03:12.680472,E,0.78,0.0,False,Stable
2026-05-15T09:03:12.750168,F,51.99,64.0,False,Stable
2026-05-15T09:03:12.911353,C,0.0,0.0,False,
2026-05-15T09:03:12.969840,E,0.79,0.0,False,Stable
2026-05-15T09:03:13.115656,E,0.78,0.0,False,Stable
2026-05-15T09:03:13.374754,E,0.76,0.0,False,Stable
2026-05-15T09:03:13.451819,C,0.0,0.0,False,
2026-05-15T09:03:13.575094,E,0.73,0.0,False,Stable
2026-05-15T09:03:13.803748,F,56.42,64.0,False,Stable
2026-05-15T09:03:13.865253,E,0.77,0.0,False,Stable
2026-05-15T09:03:13.925376,C,0.0,0.0,False,
2026-05-15T09:03:14.061671,E,0.81,0.0,False,Stable
2026-05-15T09:03:14.317802,E,0.78,0.0,False,Stable
2026-05-15T09:03:14.447265,C,0.0,0.0,False,
2026-05-15T09:03:14.513714,E,0.74,0.0,False,Stable
2026-05-15T09:03:14.763389,E,0.78,0.0,False,Stable
2026-05-15T09:03:14.827568,F,54.59,64.0,False,Stable
2026-05-15T09:03:14.976667,E,0.81,0.0,False,Stable
2026-05-15T09:03:15.027836,C,0.0,0.0,False,
2026-05-15T09:03:15.409576,E,0.77,0.0,False,Stable
2026-05-15T09:03:15.540146,C,0.0,0.0,False,
2026-05-15T09:03:15.669383,E,0.83,0.0,False,Stable
2026-05-15T09:03:15.849246,F,54.59,64.0,False,Stable
2026-05-15T09:03:15.927629,E,0.77,0.0,False,Stable
2026-05-15T09:03:16.066465,C,0.0,0.0,False,
2026-05-15T09:03:16.120434,E,0.85,0.0,False,Stable
2026-05-15T09:03:16.379833,E,0.75,0.0,False,Stable
2026-05-15T09:03:16.559332,E,0.74,0.0,False,Stable
2026-05-15T09:03:16.611834,C,0.0,0.0,False,
2026-05-15T09:03:16.775423,E,0.74,0.0,False,Stable
2026-05-15T09:03:16.910248,F,34.72,64.0,False,Stable
2026-05-15T09:03:17.070150,E,0.77,0.0,False,Stable
2026-05-15T09:03:17.119367,C,0.0,0.0,False,
2026-05-15T09:03:17.257716,E,0.78,0.0,False,Stable
2026-05-15T09:03:17.501117,E,0.74,0.0,False,Stable
2026-05-15T09:03:17.662252,C,0.0,0.0,False,
2026-05-15T09:03:17.723514,E,0.79,0.0,False,Stable
2026-05-15T09:03:17.934857,F,49.38,64.0,False,Stable
2026-05-15T09:03:18.018907,E,0.79,0.0,False,Stable
2026-05-15T09:03:18.192158,C,0.0,0.0,False,
2026-05-15T09:03:18.253220,E,0.84,0.0,False,Stable
2026-05-15T09:03:18.415280,E,0.79,0.0,False,Stable
2026-05-15T09:03:18.608262,E,0.77,0.0,False,Stable
2026-05-15T09:03:18.684452,C,0.0,0.0,False,
2026-05-15T09:03:18.826379,E,0.81,0.0,False,Stable
2026-05-15T09:03:18.997216,F,48.22,64.0,False,Stable
2026-05-15T09:03:19.091074,E,0.8,0.0,False,Stable
2026-05-15T09:03:19.219185,C,0.0,0.0,False,
2026-05-15T09:03:19.346035,E,0.76,0.0,False,Stable
2026-05-15T09:03:19.553075,E,0.77,0.0,False,Stable
2026-05-15T09:03:19.733303,C,0.0,0.0,False,
2026-05-15T09:03:19.793946,E,0.76,0.0,False,Stable
2026-05-15T09:03:19.969132,F,48.22,64.0,False,Stable
2026-05-15T09:03:20.019973,E,0.78,0.0,False,Stable
2026-05-15T09:03:20.231646,E,0.81,0.0,False,Stable
2026-05-15T09:03:20.285472,C,0.0,0.0,False,
2026-05-15T09:03:20.435647,E,0.79,0.0,False,Stable
2026-05-15T09:03:20.692587,E,0.65,0.0,False,Stable
2026-05-15T09:03:20.783106,C,0.0,0.0,False,
2026-05-15T09:03:20.911115,E,0.79,0.0,False,Stable
2026-05-15T09:03:20.986125,F,33.71,64.0,False,Stable
2026-05-15T09:03:21.130068,E,0.76,0.0,False,Stable
2026-05-15T09:03:21.311868,C,0.0,0.0,False,
2026-05-15T09:03:21.449509,E,0.85,0.0,False,Stable
2026-05-15T09:03:21.594845,E,0.85,0.0,False,Stable
2026-05-15T09:03:21.845157,E,0.74,0.0,False,Stable
2026-05-15T09:03:21.911507,C,0.0,0.0,False,
2026-05-15T09:03:22.054898,F,46.11,64.0,False,Stable
2026-05-15T09:03:22.106402,E,0.75,0.0,False,Stable
2026-05-15T09:03:22.277832,E,0.8,0.0,False,Stable
2026-05-15T09:03:22.429853,C,0.0,0.0,False,
2026-05-15T09:03:22.514483,E,0.75,0.0,False,Stable
2026-05-15T09:03:22.770394,E,0.82,0.0,False,Stable
2026-05-15T09:03:22.914832,C,0.0,0.0,False,
2026-05-15T09:03:22.968548,E,0.79,0.0,False,Stable
2026-05-15T09:03:23.099554,F,49.96,64.0,False,Stable
2026-05-15T09:03:23.235295,E,0.77,0.0,False,Stable
2026-05-15T09:03:23.414443,C,0.0,0.0,False,
2026-05-15T09:03:23.470265,E,0.77,0.0,False,Stable
2026-05-15T09:03:23.658938,E,0.77,0.0,False,Stable
2026-05-15T09:03:23.924374,E,0.76,0.0,False,Stable
2026-05-15T09:03:23.991653,C,0.0,0.0,False,
2026-05-15T09:03:24.120021,F,58.02,13.0,False,Stable
2026-05-15T09:03:24.176945,E,0.77,0.0,False,Stable
2026-05-15T09:03:24.356664,E,0.79,0.0,False,Stable
2026-05-15T09:03:24.501245,C,0.0,0.0,False,
2026-05-15T09:03:24.552213,E,0.78,0.0,False,Stable
2026-05-15T09:03:24.802361,E,0.78,0.0,False,Stable
2026-05-15T09:03:24.983519,C,0.0,0.0,False,
2026-05-15T09:03:25.035751,E,0.82,0.0,False,Stable
2026-05-15T09:03:25.095955,F,58.02,13.0,False,Stable
2026-05-15T09:03:25.256316,E,0.79,0.0,False,Stable
2026-05-15T09:03:25.523090,E,0.78,0.0,False,Stable
2026-05-15T09:03:25.569967,C,0.0,0.0,False,
2026-05-15T09:03:25.705278,E,0.82,0.0,False,Stable
2026-05-15T09:03:25.958215,E,0.75,0.0,False,Stable
2026-05-15T09:03:26.100114,C,0.0,0.0,False,
2026-05-15T09:03:26.156365,F,58.67,13.0,False,Stable
2026-05-15T09:03:26.210712,E,0.76,0.0,False,Stable
2026-05-15T09:03:26.411048,E,0.77,0.0,False,Stable
2026-05-15T09:03:26.558423,C,0.0,0.0,False,
2026-05-15T09:03:26.615903,E,0.82,0.0,False,Stable
2026-05-15T09:03:26.872530,E,0.81,0.0,False,Stable
2026-05-15T09:03:27.122794,E,0.72,0.0,False,Stable
2026-05-15T09:03:27.173619,C,0.0,0.0,False,
2026-05-15T09:03:27.222200,F,58.67,13.0,False,Stable
2026-05-15T09:03:27.345654,E,0.75,0.0,False,Stable
2026-05-15T09:03:27.554719,E,0.87,0.0,False,Stable
2026-05-15T09:03:27.612699,C,0.0,0.0,False,
2026-05-15T09:03:27.775091,E,0.78,0.0,False,Stable
2026-05-15T09:03:28.028128,E,0.79,0.0,False,Stable
2026-05-15T09:03:28.166166,C,0.0,0.0,False,
2026-05-15T09:03:28.228028,F,52.47,13.0,False,Stable
2026-05-15T09:03:28.284466,E,0.84,0.0,False,Stable
2026-05-15T09:03:28.449261,E,0.77,0.0,False,Stable
2026-05-15T09:03:28.678794,C,0.0,0.0,False,
2026-05-15T09:03:28.733788,E,0.79,0.0,False,Stable
2026-05-15T09:03:28.926360,E,0.76,0.0,False,Stable
2026-05-15T09:03:29.167913,E,0.81,0.0,False,Stable
2026-05-15T09:03:29.222554,F,46.59,13.0,False,Stable
2026-05-15T09:03:29.275518,C,0.0,0.0,False,
2026-05-15T09:03:29.411597,E,0.81,0.0,False,Stable
2026-05-15T09:03:29.601938,E,0.79,0.0,False,Stable
2026-05-15T09:03:29.740871,C,0.0,0.0,False,
2026-05-15T09:03:29.883533,E,0.77,0.0,False,Stable
2026-05-15T09:03:30.069726,E,0.81,0.0,False,Stable
2026-05-15T09:03:30.246370,F,61.71,13.0,False,Stable
2026-05-15T09:03:30.306613,C,0.0,0.0,False,
2026-05-15T09:03:30.375466,E,0.83,0.0,False,Stable
2026-05-15T09:03:30.515823,E,0.77,0.0,False,Stable
2026-05-15T09:03:30.786285,E,0.78,0.0,False,Stable
2026-05-15T09:03:30.843892,C,0.0,0.0,False,
2026-05-15T09:03:31.004287,E,0.74,0.0,False,Stable
2026-05-15T09:03:31.209698,E,0.69,0.0,False,Stable
2026-05-15T09:03:31.264389,F,61.68,13.0,False,Stable
2026-05-15T09:03:31.319185,C,0.0,0.0,False,
2026-05-15T09:03:31.458504,E,0.79,0.0,False,Stable
2026-05-15T09:03:31.680835,E,0.83,0.0,False,Stable
2026-05-15T09:03:31.821247,C,0.0,0.0,False,
2026-05-15T09:03:31.959791,E,0.79,0.0,False,Stable
2026-05-15T09:03:32.125316,E,0.78,0.0,False,Stable
2026-05-15T09:03:32.306021,F,52.56,13.0,False,Stable
2026-05-15T09:03:32.359243,E,0.8,0.0,False,Stable
2026-05-15T09:03:32.408328,C,0.0,0.0,False,
2026-05-15T09:03:32.573576,E,0.74,0.0,False,Stable
2026-05-15T09:03:32.824239,E,0.76,0.0,False,Stable
2026-05-15T09:03:32.967217,C,0.0,0.0,False,
2026-05-15T09:03:33.041280,E,0.81,0.0,False,Stable
2026-05-15T09:03:33.291101,E,0.81,0.0,False,Stable
2026-05-15T09:03:33.346447,F,52.56,13.0,False,Stable
2026-05-15T09:03:33.418188,C,0.0,0.0,False,
2026-05-15T09:03:33.548876,E,0.78,0.0,False,Stable
2026-05-15T09:03:33.714638,E,0.77,0.0,False,Stable
2026-05-15T09:03:33.978043,C,0.0,0.0,False,
2026-05-15T09:03:34.032545,E,0.77,0.0,False,Stable
2026-05-15T09:03:34.179915,E,0.77,0.0,False,Stable
2026-05-15T09:03:34.363819,F,34.05,13.0,False,Stable
2026-05-15T09:03:34.418562,E,0.79,0.0,False,Stable
2026-05-15T09:03:34.469455,C,0.0,0.0,False,
2026-05-15T09:03:34.634395,E,0.76,0.0,False,Stable
2026-05-15T09:03:34.871632,E,0.78,0.0,False,Stable
2026-05-15T09:03:35.007704,C,0.0,0.0,False,
2026-05-15T09:03:35.156456,E,0.78,0.0,False,Stable
2026-05-15T09:03:35.341900,E,0.8,0.0,False,Stable
2026-05-15T09:03:35.396921,F,46.54,64.0,False,Stable
2026-05-15T09:03:35.525023,C,0.0,0.0,False,
2026-05-15T09:03:35.578772,E,0.86,0.0,False,Stable
2026-05-15T09:03:35.840831,E,0.72,0.0,False,Stable
2026-05-15T09:03:36.111661,C,0.0,0.0,False,
2026-05-15T09:03:36.267174,E,0.81,0.0,False,Stable
2026-05-15T09:03:36.428473,F,48.94,64.0,False,Stable
2026-05-15T09:03:36.481209,E,0.78,0.0,False,Stable
2026-05-15T09:03:36.619424,C,0.0,0.0,False,
2026-05-15T09:03:36.693934,E,0.79,0.0,False,Stable
2026-05-15T09:03:36.948380,E,0.8,0.0,False,Stable
2026-05-15T09:03:37.112804,C,0.0,0.0,False,
2026-05-15T09:03:37.176240,E,0.8,0.0,False,Stable
2026-05-15T09:03:37.456180,F,57.49,64.0,False,Stable
2026-05-15T09:03:37.612430,E,0.8,0.0,False,Stable
2026-05-15T09:03:37.661721,C,0.0,0.0,False,
2026-05-15T09:03:37.862614,E,0.79,0.0,False,Stable
2026-05-15T09:03:38.063472,E,0.78,0.0,False,Stable
2026-05-15T09:03:38.197529,C,0.0,0.0,False,
2026-05-15T09:03:38.361553,E,0.82,0.0,False,Stable
2026-05-15T09:03:38.513321,F,50.51,13.0,False,Stable
2026-05-15T09:03:38.579885,E,0.77,0.0,False,Stable
2026-05-15T09:03:38.713657,C,0.0,0.0,False,
2026-05-15T09:03:38.774245,E,0.69,0.0,False,Stable
2026-05-15T09:03:39.023156,E,0.78,0.0,False,Stable
2026-05-15T09:03:39.211879,C,0.0,0.0,False,
2026-05-15T09:03:39.269770,E,0.74,0.0,False,Stable
2026-05-15T09:03:39.518661,E,0.79,0.0,False,Stable
2026-05-15T09:03:39.571160,F,57.34,13.0,False,Stable
2026-05-15T09:03:39.710931,E,0.79,0.0,False,Stable
2026-05-15T09:03:39.773513,C,0.0,0.0,False,
2026-05-15T09:03:39.931164,E,0.78,0.0,False,Stable
2026-05-15T09:03:40.134585,E,0.75,0.0,False,Stable
2026-05-15T09:03:40.272931,C,0.0,0.0,False,
2026-05-15T09:03:40.425282,E,0.84,0.0,False,Stable
2026-05-15T09:03:40.572096,F,52.31,13.0,False,Stable
2026-05-15T09:03:40.631082,E,0.76,0.0,False,Stable
2026-05-15T09:03:40.787982,C,0.0,0.0,False,
2026-05-15T09:03:40.838077,E,0.79,0.0,False,Stable
2026-05-15T09:03:41.058149,E,0.83,0.0,False,Stable
2026-05-15T09:03:41.334302,E,0.86,0.0,False,Stable
2026-05-15T09:03:41.395699,C,0.0,0.0,False,
2026-05-15T09:03:41.548438,E,0.73,0.0,False,Stable
2026-05-15T09:03:41.611175,F,52.31,13.0,False,Stable
2026-05-15T09:03:41.755637,E,0.74,0.0,False,Stable
2026-05-15T09:03:41.907781,C,0.0,0.0,False,
2026-05-15T09:03:41.977102,E,0.73,0.0,False,Stable
2026-05-15T09:03:42.235230,E,0.79,0.0,False,Stable
2026-05-15T09:03:42.372882,C,0.0,0.0,False,
2026-05-15T09:03:42.440061,E,0.84,0.0,False,Stable
2026-05-15T09:03:42.617598,F,0.0,0.0,False,Stable
2026-05-15T09:03:42.671299,E,0.79,0.0,False,Stable
2026-05-15T09:03:42.928241,E,0.73,0.0,False,Stable
2026-05-15T09:03:42.977640,C,0.0,0.0,False,
2026-05-15T09:03:43.148412,E,0.8,0.0,False,Stable
2026-05-15T09:03:43.334850,E,0.82,0.0,False,Stable
2026-05-15T09:03:43.468176,C,0.0,0.0,False,
2026-05-15T09:03:43.626445,E,0.71,0.0,False,Stable
2026-05-15T09:03:43.682755,F,32.57,0.0,False,Stable
2026-05-15T09:03:43.830420,E,0.78,0.0,False,Stable
2026-05-15T09:03:43.979765,C,0.0,0.0,False,
2026-05-15T09:03:44.046500,E,0.77,0.0,False,Stable
2026-05-15T09:03:44.308610,E,0.75,0.0,False,Stable
2026-05-15T09:03:44.475738,C,0.0,0.0,False,
2026-05-15T09:03:44.529794,E,0.75,0.0,False,Stable
2026-05-15T09:03:44.685888,F,32.57,0.0,False,Stable
2026-05-15T09:03:44.745026,E,0.82,0.0,False,Stable
2026-05-15T09:03:45.023652,C,0.0,0.0,False,
2026-05-15T09:03:45.183690,E,0.79,0.0,False,Stable
2026-05-15T09:03:45.393704,E,0.82,0.0,False,Stable
2026-05-15T09:03:45.547325,C,0.0,0.0,False,
2026-05-15T09:03:45.625831,E,0.79,0.0,False,Stable
2026-05-15T09:03:45.696866,F,40.13,0.0,False,Stable
2026-05-15T09:03:45.863745,E,0.76,0.0,False,Stable
2026-05-15T09:03:46.114339,C,0.0,0.0,False,
2026-05-15T09:03:46.183254,E,0.83,0.0,False,Stable
2026-05-15T09:03:46.323100,E,0.81,0.0,False,Stable
2026-05-15T09:03:46.556468,E,0.81,0.0,False,Stable
2026-05-15T09:03:46.613096,C,0.0,0.0,False,
2026-05-15T09:03:46.759434,F,40.13,0.0,False,Stable
2026-05-15T09:03:46.814684,E,0.62,0.0,False,Stable
2026-05-15T09:03:47.058945,E,0.75,0.0,False,Stable
2026-05-15T09:03:47.109503,C,0.0,0.0,False,
2026-05-15T09:03:47.263316,E,0.78,0.0,False,Stable
2026-05-15T09:03:47.495980,E,0.75,0.0,False,Stable
2026-05-15T09:03:47.629784,C,0.0,0.0,False,
2026-05-15T09:03:47.690440,E,0.81,0.0,False,Stable
2026-05-15T09:03:47.768260,F,32.12,13.0,False,Stable
2026-05-15T09:03:47.912976,E,0.84,0.0,False,Stable
2026-05-15T09:03:48.184797,E,0.88,0.0,False,Stable
2026-05-15T09:03:48.248600,C,0.0,0.0,False,
2026-05-15T09:03:48.382547,E,0.75,0.0,False,Stable
2026-05-15T09:03:48.657324,E,0.81,0.0,False,Stable
2026-05-15T09:03:48.725975,C,0.0,0.0,False,
2026-05-15T09:03:48.795636,F,32.12,13.0,False,Stable
2026-05-15T09:03:48.858729,E,0.76,0.0,False,Stable
2026-05-15T09:03:49.109515,E,0.86,0.0,False,Stable
2026-05-15T09:03:49.352250,C,0.0,0.0,False,
2026-05-15T09:03:49.419538,E,0.79,0.0,False,Stable
2026-05-15T09:03:49.564866,E,0.78,0.0,False,Stable
2026-05-15T09:03:49.749294,C,0.0,0.0,False,
2026-05-15T09:03:49.818724,E,0.81,0.0,False,Stable
2026-05-15T09:03:49.890848,F,30.2,13.0,False,Stable
2026-05-15T09:03:50.036358,E,0.77,0.0,False,Stable
2026-05-15T09:03:50.222240,E,0.77,0.0,False,Stable
2026-05-15T09:03:50.280347,C,0.0,0.0,False,
2026-05-15T09:03:50.456708,E,0.79,0.0,False,Stable
2026-05-15T09:03:50.681283,E,0.76,0.0,False,Stable
2026-05-15T09:03:50.810390,C,0.0,0.0,False,
2026-05-15T09:03:50.872210,F,30.2,13.0,False,Stable
2026-05-15T09:03:50.944385,E,0.87,0.0,False,Stable
2026-05-15T09:03:51.130590,E,0.81,0.0,False,Stable
2026-05-15T09:03:51.338745,C,0.0,0.0,False,
2026-05-15T09:03:51.410662,E,0.85,0.0,False,Stable
2026-05-15T09:03:51.570345,E,0.84,0.0,False,Stable
2026-05-15T09:03:51.841027,E,0.8,0.0,False,Stable
2026-05-15T09:03:51.897121,F,29.4,13.0,False,Stable
2026-05-15T09:03:51.954052,C,0.0,0.0,False,
2026-05-15T09:03:52.097640,E,0.77,0.0,False,Stable
2026-05-15T09:03:52.285808,E,0.78,0.0,False,Stable
2026-05-15T09:03:52.417009,C,0.0,0.0,False,
2026-05-15T09:03:52.495199,E,0.79,0.0,False,Stable
2026-05-15T09:03:52.765221,E,0.67,0.0,False,Stable
2026-05-15T09:03:52.924789,F,43.96,248.0,False,Stable
2026-05-15T09:03:52.975858,C,0.0,0.0,False,
2026-05-15T09:03:53.028474,E,0.82,0.0,False,Stable
2026-05-15T09:03:53.189008,E,0.79,0.0,False,Stable
2026-05-15T09:03:53.461904,E,0.83,0.0,False,Stable
2026-05-15T09:03:53.512634,C,0.0,0.0,False,
2026-05-15T09:03:53.664923,E,0.66,0.0,False,Stable
2026-05-15T09:03:53.870334,E,0.79,0.0,False,Stable
2026-05-15T09:03:53.922114,F,49.68,248.0,False,Stable
2026-05-15T09:03:53.994345,C,0.0,0.0,False,
2026-05-15T09:03:54.144987,E,0.84,0.0,False,Stable
2026-05-15T09:03:54.328706,E,0.77,0.0,False,Stable
2026-05-15T09:03:54.490084,C,0.0,0.0,False,
2026-05-15T09:03:54.556467,E,0.73,0.0,False,Stable
2026-05-15T09:03:54.807476,E,0.75,0.0,False,Stable
2026-05-15T09:03:54.942485,F,56.88,248.0,False,Stable
2026-05-15T09:03:55.088522,E,0.74,0.0,False,Stable
2026-05-15T09:03:55.149806,C,0.0,0.0,False,
2026-05-15T09:03:55.295686,E,0.74,0.0,False,Stable
2026-05-15T09:03:55.552911,C,0.0,0.0,False,
2026-05-15T09:03:55.729845,E,0.8,0.0,False,Stable
2026-05-15T09:03:55.983423,E,0.77,0.0,False,Stable
2026-05-15T09:03:56.038898,F,61.52,13.0,False,Stable
2026-05-15T09:03:56.094787,C,0.0,0.0,False,
2026-05-15T09:03:56.257677,E,0.57,0.0,False,Stable
2026-05-15T09:03:56.392679,E,0.81,0.0,False,Stable
2026-05-15T09:03:56.596526,C,0.0,0.0,False,
2026-05-15T09:03:56.650506,E,0.72,0.0,False,Stable
2026-05-15T09:03:56.855221,E,0.85,0.0,False,Stable
2026-05-15T09:03:56.996801,F,61.52,13.0,False,Stable
2026-05-15T09:03:57.069041,E,0.81,0.0,False,Stable
2026-05-15T09:03:57.117502,C,0.0,0.0,False,
2026-05-15T09:03:57.314589,E,0.79,0.0,False,Stable
2026-05-15T09:03:57.582978,E,0.75,0.0,False,Stable
2026-05-15T09:03:57.664950,C,0.0,0.0,False,
2026-05-15T09:03:57.811200,E,0.81,0.0,False,Stable
2026-05-15T09:03:57.989372,E,0.76,0.0,False,Stable
2026-05-15T09:03:58.042662,F,64.17,248.0,False,Stable
2026-05-15T09:03:58.197889,C,0.0,0.0,False,
2026-05-15T09:03:58.265928,E,0.87,0.0,False,Stable
2026-05-15T09:03:58.445589,E,0.75,0.0,False,Stable
2026-05-15T09:03:58.715674,E,0.8,0.0,False,Stable
2026-05-15T09:03:58.772257,C,0.0,0.0,False,
2026-05-15T09:03:58.938485,E,0.87,0.0,False,Stable
2026-05-15T09:03:59.082433,F,64.17,248.0,False,Stable
2026-05-15T09:03:59.142897,E,0.79,0.0,False,Stable
2026-05-15T09:03:59.282304,C,0.0,0.0,False,
2026-05-15T09:03:59.363346,E,0.76,0.0,False,Stable
2026-05-15T09:03:59.631471,E,0.77,0.0,False,Stable
2026-05-15T09:03:59.798876,C,0.0,0.0,False,
2026-05-15T09:03:59.855902,E,0.75,0.0,False,Stable
2026-05-15T09:04:00.063434,E,0.8,0.0,False,Stable
2026-05-15T09:04:00.118362,F,61.88,248.0,False,Stable
2026-05-15T09:04:00.285289,E,0.74,0.0,False,Stable
2026-05-15T09:04:00.340789,C,0.0,0.0,False,
2026-05-15T09:04:00.528098,E,0.81,0.0,False,Stable
2026-05-15T09:04:00.790701,E,0.72,0.0,False,Stable
2026-05-15T09:04:00.854847,C,0.0,0.0,False,
2026-05-15T09:04:01.011140,E,0.75,0.0,False,Stable
2026-05-15T09:04:01.160086,F,61.88,248.0,False,Stable
2026-05-15T09:04:01.214735,E,0.79,0.0,False,Stable
2026-05-15T09:04:01.367929,C,0.0,0.0,False,
2026-05-15T09:04:01.441775,E,0.82,0.0,False,Stable
2026-05-15T09:04:01.710069,E,0.84,0.0,False,Stable
2026-05-15T09:04:01.878846,C,0.0,0.0,False,
2026-05-15T09:04:01.939290,E,0.78,0.0,False,Stable
2026-05-15T09:04:02.104424,E,0.78,0.0,False,Stable
2026-05-15T09:04:02.154901,F,54.04,135.0,False,Stable
2026-05-15T09:04:02.337295,E,0.76,0.0,False,Stable
2026-05-15T09:04:02.407604,C,0.0,0.0,False,
2026-05-15T09:04:02.601507,E,0.77,0.0,False,Stable
2026-05-15T09:04:02.872504,E,0.89,0.0,False,Stable
2026-05-15T09:04:02.934934,C,0.0,0.0,False,
2026-05-15T09:04:03.108993,E,0.73,0.0,False,Stable
2026-05-15T09:04:03.191997,F,58.71,135.0,False,Stable
2026-05-15T09:04:03.265312,E,0.78,0.0,False,Stable
2026-05-15T09:04:03.464632,C,0.0,0.0,False,
2026-05-15T09:04:03.524335,E,0.79,0.0,False,Stable
2026-05-15T09:04:03.723279,E,0.78,0.0,False,Stable
2026-05-15T09:04:03.988936,E,0.81,0.0,False,Stable
2026-05-15T09:04:04.058480,C,0.0,0.0,False,
2026-05-15T09:04:04.205727,E,0.8,0.0,False,Stable
2026-05-15T09:04:04.258483,F,66.41,64.0,False,Stable
2026-05-15T09:04:04.397662,E,0.84,0.0,False,Stable
2026-05-15T09:04:04.546729,C,0.0,0.0,False,
2026-05-15T09:04:04.685423,E,0.8,0.0,False,Stable
2026-05-15T09:04:04.864997,E,0.82,0.0,False,Stable
2026-05-15T09:04:05.027245,C,0.0,0.0,False,
2026-05-15T09:04:05.117709,E,0.78,0.0,False,Stable
2026-05-15T09:04:05.249981,F,66.41,64.0,False,Stable
2026-05-15T09:04:05.321278,E,0.75,0.0,False,Stable
2026-05-15T09:04:05.586561,E,0.81,0.0,False,Stable
2026-05-15T09:04:05.649824,C,0.0,0.0,False,
2026-05-15T09:04:05.793764,E,0.74,0.0,False,Stable
2026-05-15T09:04:06.063723,E,0.79,0.0,False,Stable
2026-05-15T09:04:06.125557,C,0.0,0.0,False,
2026-05-15T09:04:06.273319,E,0.77,0.0,False,Stable
2026-05-15T09:04:06.324557,F,51.09,64.0,False,Stable
2026-05-15T09:04:06.462737,E,0.81,0.0,False,Stable
2026-05-15T09:04:06.621346,C,0.0,0.0,False,
2026-05-15T09:04:06.712702,E,0.78,0.0,False,Stable
2026-05-15T09:04:06.988029,E,0.85,0.0,False,Stable
2026-05-15T09:04:07.147430,C,0.0,0.0,False,
2026-05-15T09:04:07.228846,E,0.78,0.0,False,Stable
2026-05-15T09:04:07.290366,F,51.09,64.0,False,Stable
2026-05-15T09:04:07.427909,E,0.81,0.0,False,Stable
2026-05-15T09:04:07.611533,E,0.88,0.0,False,Stable
2026-05-15T09:04:07.696813,C,0.0,0.0,False,
2026-05-15T09:04:07.842788,E,0.78,0.0,False,Stable
2026-05-15T09:04:08.115087,E,0.76,0.0,False,Stable
2026-05-15T09:04:08.271144,C,0.0,0.0,False,
2026-05-15T09:04:08.325759,E,0.83,0.0,False,Stable
2026-05-15T09:04:08.381359,F,34.01,64.0,False,Stable
2026-05-15T09:04:08.544215,E,0.79,0.0,False,Stable
2026-05-15T09:04:08.730167,C,0.0,0.0,False,
2026-05-15T09:04:08.801850,E,0.75,0.0,False,Stable
2026-05-15T09:04:09.053198,E,0.71,0.0,False,Stable
2026-05-15T09:04:09.217200,E,0.78,0.0,False,Stable
2026-05-15T09:04:09.289918,C,0.0,0.0,False,
2026-05-15T09:04:09.348440,F,48.1,64.0,False,Stable
2026-05-15T09:04:09.484966,E,0.8,0.0,False,Stable
2026-05-15T09:04:09.659768,E,0.76,0.0,False,Stable
2026-05-15T09:04:09.811053,C,0.0,0.0,False,
2026-05-15T09:04:09.971903,E,0.79,0.0,False,Stable
2026-05-15T09:04:10.134038,E,0.84,0.0,False,Stable
2026-05-15T09:04:10.305576,C,0.0,0.0,False,
2026-05-15T09:04:10.379726,E,0.83,0.0,False,Stable
2026-05-15T09:04:10.433437,F,47.49,64.0,False,Stable
2026-05-15T09:04:10.594563,E,0.82,0.0,False,Stable
2026-05-15T09:04:10.856271,E,0.82,0.0,False,Stable
2026-05-15T09:04:10.918890,C,0.0,0.0,False,
2026-05-15T09:04:11.064794,E,0.74,0.0,False,Stable
2026-05-15T09:04:11.351263,E,0.76,0.0,False,Stable
2026-05-15T09:04:11.418225,C,0.0,0.0,False,
2026-05-15T09:04:11.469802,F,47.49,64.0,False,Stable
2026-05-15T09:04:11.521131,E,0.76,0.0,False,Stable
2026-05-15T09:04:11.795368,E,0.81,0.0,False,Stable
2026-05-15T09:04:11.957951,C,0.0,0.0,False,
2026-05-15T09:04:12.011817,E,0.79,0.0,False,Stable
2026-05-15T09:04:12.258120,E,0.82,0.0,False,Stable
2026-05-15T09:04:12.437700,C,0.0,0.0,False,
2026-05-15T09:04:12.488423,E,0.71,0.0,False,Stable
2026-05-15T09:04:12.541883,F,0.0,0.0,False,Stable
2026-05-15T09:04:12.681424,E,0.7,0.0,False,Stable
2026-05-15T09:04:12.962232,E,0.78,0.0,False,Stable
2026-05-15T09:04:13.012621,C,0.0,0.0,False,
2026-05-15T09:04:13.150232,E,0.75,0.0,False,Stable
2026-05-15T09:04:13.343080,E,0.77,0.0,False,Stable
2026-05-15T09:04:13.494816,F,30.58,0.0,False,Stable
2026-05-15T09:04:13.548673,C,0.0,0.0,False,
2026-05-15T09:04:13.604039,E,0.77,0.0,False,Stable
2026-05-15T09:04:13.818505,E,0.79,0.0,False,Stable
2026-05-15T09:04:13.996216,C,0.0,0.0,False,
2026-05-15T09:04:14.061330,E,0.8,0.0,False,Stable
2026-05-15T09:04:14.275654,E,0.8,0.0,False,Stable
2026-05-15T09:04:14.507581,E,0.78,0.0,False,Stable
2026-05-15T09:04:14.572116,F,38.88,0.0,False,Stable
2026-05-15T09:04:14.632788,C,0.0,0.0,False,
2026-05-15T09:04:14.785942,E,0.79,0.0,False,Stable
2026-05-15T09:04:14.961211,E,0.74,0.0,False,Stable
2026-05-15T09:04:15.105326,C,0.0,0.0,False,
2026-05-15T09:04:15.399664,E,0.76,0.0,False,Stable
2026-05-15T09:04:15.553230,F,48.04,64.0,False,Stable
2026-05-15T09:04:15.600652,C,0.0,0.0,False,
2026-05-15T09:04:15.650916,E,0.74,0.0,False,Stable
2026-05-15T09:04:15.914582,E,0.75,0.0,False,Stable
2026-05-15T09:04:16.098446,E,0.78,0.0,False,Stable
2026-05-15T09:04:16.150339,C,0.0,0.0,False,
2026-05-15T09:04:16.308424,E,0.81,0.0,False,Stable
2026-05-15T09:04:16.595374,E,0.74,0.0,False,Stable
2026-05-15T09:04:16.665504,F,48.04,64.0,False,Stable
2026-05-15T09:04:16.788245,E,0.76,0.0,False,Stable
2026-05-15T09:04:17.069699,E,0.87,0.0,False,Stable
2026-05-15T09:04:17.220052,C,0.0,0.0,False,
2026-05-15T09:04:17.272189,E,0.77,0.0,False,Stable
2026-05-15T09:04:17.461741,E,0.76,0.0,False,Stable
2026-05-15T09:04:17.607384,F,48.86,64.0,False,Stable
2026-05-15T09:04:17.749278,E,0.75,0.0,False,Stable
2026-05-15T09:04:17.793888,C,0.0,0.0,False,
2026-05-15T09:04:17.916800,E,0.8,0.0,False,Stable
2026-05-15T09:04:18.182095,E,0.78,0.0,False,Stable
2026-05-15T09:04:18.239723,C,0.0,0.0,False,
2026-05-15T09:04:18.377827,E,0.73,0.0,False,Stable
2026-05-15T09:04:18.638099,E,0.74,0.0,False,Stable
2026-05-15T09:04:18.706211,F,48.86,64.0,False,Stable
2026-05-15T09:04:18.762331,C,0.0,0.0,False,
2026-05-15T09:04:18.894758,E,0.8,0.0,False,Stable
2026-05-15T09:04:19.059028,E,0.83,0.0,False,Stable
2026-05-15T09:04:19.263514,C,0.0,0.0,False,
2026-05-15T09:04:19.313068,E,0.79,0.0,False,Stable
2026-05-15T09:04:19.577425,E,0.83,0.0,False,Stable
2026-05-15T09:04:19.659444,F,42.23,0.0,False,Stable
2026-05-15T09:04:19.792468,E,0.83,0.0,False,Stable
2026-05-15T09:04:19.836731,C,0.0,0.0,False,
2026-05-15T09:04:19.970319,E,0.79,0.0,False,Stable
2026-05-15T09:04:20.248417,E,0.79,0.0,False,Stable
2026-05-15T09:04:20.400910,C,0.0,0.0,False,
2026-05-15T09:04:20.449877,E,0.79,0.0,False,Stable
2026-05-15T09:04:20.698477,E,0.82,0.0,False,Stable
2026-05-15T09:04:20.749818,F,50.25,0.0,False,Stable
2026-05-15T09:04:20.882140,C,0.0,0.0,False,
2026-05-15T09:04:20.935161,E,0.76,0.0,False,Stable
2026-05-15T09:04:21.129018,E,0.8,0.0,False,Stable
2026-05-15T09:04:21.393750,E,0.81,0.0,False,Stable
2026-05-15T09:04:21.433659,C,0.0,0.0,False,
2026-05-15T09:04:21.591722,E,0.81,0.0,False,Stable
2026-05-15T09:04:21.746714,F,47.62,13.0,False,Stable
2026-05-15T09:04:21.820953,E,0.84,0.0,False,Stable
2026-05-15T09:04:21.894527,C,0.0,0.0,False,
2026-05-15T09:04:22.035892,E,0.78,0.0,False,Stable
2026-05-15T09:04:22.293089,E,0.73,0.0,False,Stable
2026-05-15T09:04:22.437463,C,0.0,0.0,False,
2026-05-15T09:04:22.486539,E,0.71,0.0,False,Stable
2026-05-15T09:04:22.771233,E,0.9,0.0,False,Stable
2026-05-15T09:04:22.853932,F,55.77,13.0,False,Stable
2026-05-15T09:04:23.012374,C,0.0,0.0,False,
2026-05-15T09:04:23.068799,E,0.77,0.0,False,Stable
2026-05-15T09:04:23.209377,E,0.8,0.0,False,Stable
2026-05-15T09:04:23.405269,E,0.88,0.0,False,Stable
2026-05-15T09:04:23.536716,C,0.0,0.0,False,
2026-05-15T09:04:23.694077,E,0.78,0.0,False,Stable
2026-05-15T09:04:23.783506,F,47.8,13.0,False,Stable
2026-05-15T09:04:23.917644,E,0.81,0.0,False,Stable
2026-05-15T09:04:24.071140,C,0.0,0.0,False,
2026-05-15T09:04:24.129074,E,0.74,0.0,False,Stable
2026-05-15T09:04:24.339874,E,0.77,0.0,False,Stable
2026-05-15T09:04:24.521950,C,0.0,0.0,False,
2026-05-15T09:04:24.581409,E,0.8,0.0,False,Stable
2026-05-15T09:04:24.847219,E,0.74,0.0,False,Stable
2026-05-15T09:04:24.915050,F,51.29,135.0,False,Stable
2026-05-15T09:04:25.062592,E,0.8,0.0,False,Stable
2026-05-15T09:04:25.112720,C,0.0,0.0,False,
2026-05-15T09:04:25.266175,E,0.8,0.0,False,Stable
2026-05-15T09:04:25.523370,E,0.76,0.0,False,Stable
2026-05-15T09:04:25.669231,C,0.0,0.0,False,
2026-05-15T09:04:25.724970,E,0.74,0.0,False,Stable
2026-05-15T09:04:25.847064,F,51.29,135.0,False,Stable
2026-05-15T09:04:25.942901,E,0.75,0.0,False,Stable
2026-05-15T09:04:26.223688,C,0.0,0.0,False,
2026-05-15T09:04:26.292639,E,0.79,0.0,False,Stable
2026-05-15T09:04:26.452753,E,0.74,0.0,False,Stable
2026-05-15T09:04:26.607253,E,0.79,0.0,False,Stable
2026-05-15T09:04:26.655108,C,0.0,0.0,False,
2026-05-15T09:04:26.919020,E,0.79,0.0,False,Stable
2026-05-15T09:04:26.990816,F,50.43,135.0,False,Stable
2026-05-15T09:04:27.122426,E,0.79,0.0,False,Stable
2026-05-15T09:04:27.166362,C,0.0,0.0,False,
2026-05-15T09:04:27.311433,E,0.73,0.0,False,Stable
2026-05-15T09:04:27.572048,E,0.78,0.0,False,Stable
2026-05-15T09:04:27.700293,C,0.0,0.0,False,
2026-05-15T09:04:27.840427,E,0.83,0.0,False,Stable
2026-05-15T09:04:27.902071,F,55.64,135.0,False,Stable
2026-05-15T09:04:28.055909,E,0.78,0.0,False,Stable
2026-05-15T09:04:28.216600,E,0.77,0.0,False,Stable
2026-05-15T09:04:28.273602,C,0.0,0.0,False,
2026-05-15T09:04:28.461829,E,0.74,0.0,False,Stable
2026-05-15T09:04:28.737852,E,0.76,0.0,False,Stable
2026-05-15T09:04:28.784917,C,0.0,0.0,False,
2026-05-15T09:04:28.932250,E,0.76,0.0,False,Stable
2026-05-15T09:04:28.991107,F,48.71,13.0,False,Stable
2026-05-15T09:04:29.135391,E,0.77,0.0,False,Stable
2026-05-15T09:04:29.271905,C,0.0,0.0,False,
2026-05-15T09:04:29.412197,E,0.8,0.0,False,Stable
2026-05-15T09:04:29.581646,E,0.81,0.0,False,Stable
2026-05-15T09:04:29.846186,C,0.0,0.0,False,
2026-05-15T09:04:29.894874,E,0.84,0.0,False,Stable
2026-05-15T09:04:29.962015,F,53.64,13.0,False,Stable
2026-05-15T09:04:30.103919,E,0.78,0.0,False,Stable
2026-05-15T09:04:30.283361,E,0.75,0.0,False,Stable
2026-05-15T09:04:30.337032,C,0.0,0.0,False,
2026-05-15T09:04:30.517541,E,0.77,0.0,False,Stable
2026-05-15T09:04:30.783414,E,0.79,0.0,False,Stable
2026-05-15T09:04:30.921491,C,0.0,0.0,False,
2026-05-15T09:04:30.983266,F,50.51,13.0,False,Stable
2026-05-15T09:04:31.041861,E,0.8,0.0,False,Stable
2026-05-15T09:04:31.202970,E,0.79,0.0,False,Stable
2026-05-15T09:04:31.380880,C,0.0,0.0,False,
2026-05-15T09:04:31.447648,E,0.96,0.0,False,Stable
2026-05-15T09:04:31.712944,E,0.76,0.0,False,Stable
2026-05-15T09:04:31.890308,E,0.72,0.0,False,Stable
2026-05-15T09:04:31.944211,C,0.0,0.0,False,
2026-05-15T09:04:32.015873,F,56.63,13.0,False,Stable
2026-05-15T09:04:32.164051,E,0.83,0.0,False,Stable
2026-05-15T09:04:32.344624,E,0.8,0.0,False,Stable
2026-05-15T09:04:32.490596,C,0.0,0.0,False,
2026-05-15T09:04:32.632508,E,0.78,0.0,False,Stable
2026-05-15T09:04:32.801506,E,0.8,0.0,False,Stable
2026-05-15T09:04:32.958018,C,0.0,0.0,False,
2026-05-15T09:04:33.040173,F,50.24,13.0,False,Stable
2026-05-15T09:04:33.109415,E,0.79,0.0,False,Stable
2026-05-15T09:04:33.271242,E,0.89,0.0,False,Stable
2026-05-15T09:04:33.543211,E,0.76,0.0,False,Stable
2026-05-15T09:04:33.614959,C,0.0,0.0,False,
2026-05-15T09:04:33.753459,E,0.78,0.0,False,Stable
2026-05-15T09:04:33.956307,E,0.72,0.0,False,Stable
2026-05-15T09:04:34.020812,C,0.0,0.0,False,
2026-05-15T09:04:34.078276,F,54.67,13.0,False,Stable
2026-05-15T09:04:34.234048,E,0.75,0.0,False,Stable
2026-05-15T09:04:34.402901,E,0.78,0.0,False,Stable
2026-05-15T09:04:34.543748,C,0.0,0.0,False,
2026-05-15T09:04:34.787778,E,0.71,0.0,False,Stable
2026-05-15T09:04:34.936591,E,0.78,0.0,False,Stable
2026-05-15T09:04:35.090604,C,0.0,0.0,False,
2026-05-15T09:04:35.291368,F,53.06,200.0,False,Stable
2026-05-15T09:04:35.399470,E,0.77,0.0,False,Stable
2026-05-15T09:04:35.490494,E,0.81,0.0,False,Stable
2026-05-15T09:04:35.548450,E,0.75,0.0,False,Stable
2026-05-15T09:04:35.613224,C,0.0,0.0,False,
2026-05-15T09:04:35.792765,E,0.79,0.0,False,Stable
2026-05-15T09:04:36.058438,E,0.81,0.0,False,Stable
2026-05-15T09:04:36.130808,F,53.06,200.0,False,Stable
2026-05-15T09:04:36.230532,C,0.0,0.0,False,
2026-05-15T09:04:36.292917,E,0.79,0.0,False,Stable
2026-05-15T09:04:36.487382,E,0.82,0.0,False,Stable
2026-05-15T09:04:36.671567,C,0.0,0.0,False,
2026-05-15T09:04:36.735539,E,0.71,0.0,False,Stable
2026-05-15T09:04:36.989711,E,0.79,0.0,False,Stable
2026-05-15T09:04:37.184337,F,0.0,0.0,False,Stable
2026-05-15T09:04:37.239619,E,0.82,0.0,False,Stable
2026-05-15T09:04:37.297294,C,0.0,0.0,False,
2026-05-15T09:04:37.426141,E,0.8,0.0,False,Stable
2026-05-15T09:04:37.621409,E,0.74,0.0,False,Stable
2026-05-15T09:04:37.705151,C,0.0,0.0,False,
2026-05-15T09:04:37.848130,E,0.73,0.0,False,Stable
2026-05-15T09:04:38.119986,E,0.79,0.0,False,Stable
2026-05-15T09:04:38.189394,F,0.0,0.0,False,Stable
2026-05-15T09:04:38.264331,C,0.0,0.0,False,
2026-05-15T09:04:38.323512,E,0.81,0.0,False,Stable
2026-05-15T09:04:38.570218,E,0.74,0.0,False,Stable
2026-05-15T09:04:38.769755,E,0.8,0.0,False,Stable
2026-05-15T09:04:38.824091,C,0.0,0.0,False,
2026-05-15T09:04:38.994353,E,0.83,0.0,False,Stable
2026-05-15T09:04:39.239896,F,31.45,0.0,False,Stable
2026-05-15T09:04:39.294433,E,0.76,0.0,False,Stable
2026-05-15T09:04:39.354422,C,0.0,0.0,False,
2026-05-15T09:04:39.489556,E,0.79,0.0,False,Stable
2026-05-15T09:04:39.674939,E,0.79,0.0,False,Stable
2026-05-15T09:04:39.823617,C,0.0,0.0,False,
2026-05-15T09:04:39.896610,E,0.74,0.0,False,Stable
2026-05-15T09:04:40.173942,E,0.76,0.0,False,Stable
2026-05-15T09:04:40.234103,F,39.11,0.0,False,Stable
2026-05-15T09:04:40.376239,C,0.0,0.0,False,
2026-05-15T09:04:40.429213,E,0.83,0.0,False,Stable
2026-05-15T09:04:40.591872,E,0.79,0.0,False,Stable
2026-05-15T09:04:40.841665,E,0.77,0.0,False,Stable
2026-05-15T09:04:40.893910,C,0.0,0.0,False,
2026-05-15T09:04:41.080795,E,0.74,0.0,False,Stable
2026-05-15T09:04:41.286696,F,50.38,13.0,False,Stable
2026-05-15T09:04:41.364187,E,0.81,0.0,False,Stable
2026-05-15T09:04:41.441711,C,0.0,0.0,False,
2026-05-15T09:04:41.498135,E,0.82,0.0,False,Stable
2026-05-15T09:04:41.760947,E,0.76,0.0,False,Stable
2026-05-15T09:04:41.924881,C,0.0,0.0,False,
2026-05-15T09:04:41.983823,E,0.8,0.0,False,Stable
2026-05-15T09:04:42.261940,E,0.76,0.0,False,Stable
2026-05-15T09:04:42.336436,F,47.42,13.0,False,Stable
2026-05-15T09:04:42.473354,E,0.78,0.0,False,Stable
2026-05-15T09:04:42.529921,C,0.0,0.0,False,
2026-05-15T09:04:42.655921,E,0.74,0.0,False,Stable
2026-05-15T09:04:42.907481,E,0.78,0.0,False,Stable
2026-05-15T09:04:42.979506,C,0.0,0.0,False,
2026-05-15T09:04:43.140363,E,0.78,0.0,False,Stable
2026-05-15T09:04:43.351866,F,55.97,13.0,False,Stable
2026-05-15T09:04:43.425196,E,0.77,0.0,False,Stable
2026-05-15T09:04:43.550010,C,0.0,0.0,False,
2026-05-15T09:04:43.606117,E,0.75,0.0,False,Stable
2026-05-15T09:04:43.794810,E,0.82,0.0,False,Stable
2026-05-15T09:04:44.057805,E,0.78,0.0,False,Stable
2026-05-15T09:04:44.113296,C,0.0,0.0,False,
2026-05-15T09:04:44.263094,E,0.8,0.0,False,Stable
2026-05-15T09:04:44.393269,F,50.57,135.0,False,Stable
2026-05-15T09:04:44.555198,E,0.78,0.0,False,Stable
2026-05-15T09:04:44.605864,C,0.0,0.0,False,
2026-05-15T09:04:44.742120,E,0.73,0.0,False,Stable
2026-05-15T09:04:45.005671,E,0.77,0.0,False,Stable
2026-05-15T09:04:45.138612,C,0.0,0.0,False,
2026-05-15T09:04:45.196978,E,0.8,0.0,False,Stable
2026-05-15T09:04:45.381916,F,50.57,135.0,False,Stable
2026-05-15T09:04:45.441051,E,0.79,0.0,False,Stable
2026-05-15T09:04:45.606812,C,0.0,0.0,False,
2026-05-15T09:04:45.675158,E,0.74,0.0,False,Stable
2026-05-15T09:04:45.903193,E,0.78,0.0,False,Stable
2026-05-15T09:04:46.100469,E,0.83,0.0,False,Stable
2026-05-15T09:04:46.158798,C,0.0,0.0,False,
2026-05-15T09:04:46.326317,E,0.77,0.0,False,Stable
2026-05-15T09:04:46.479367,F,32.69,135.0,False,Stable
2026-05-15T09:04:46.629605,E,0.78,0.0,False,Stable
2026-05-15T09:04:46.682567,C,0.0,0.0,False,
2026-05-15T09:04:46.827018,E,0.75,0.0,False,Stable
2026-05-15T09:04:47.040046,E,0.8,0.0,False,Stable
2026-05-15T09:04:47.176555,C,0.0,0.0,False,
2026-05-15T09:04:47.224118,E,0.75,0.0,False,Stable
2026-05-15T09:04:47.470385,F,44.71,135.0,False,Stable
2026-05-15T09:04:47.536683,E,0.79,0.0,False,Stable
2026-05-15T09:04:47.679364,E,0.82,0.0,False,Stable
2026-05-15T09:04:47.731682,C,0.0,0.0,False,
2026-05-15T09:04:47.913941,E,0.77,0.0,False,Stable
2026-05-15T09:04:48.166894,E,0.74,0.0,False,Stable
2026-05-15T09:04:48.297033,C,0.0,0.0,False,
2026-05-15T09:04:48.425961,E,0.84,0.0,False,Stable
2026-05-15T09:04:48.479443,F,44.71,135.0,False,Stable
2026-05-15T09:04:48.637058,E,0.79,0.0,False,Stable
2026-05-15T09:04:48.777570,C,0.0,0.0,False,
2026-05-15T09:04:48.828998,E,0.78,0.0,False,Stable
2026-05-15T09:04:49.082371,E,0.81,0.0,False,Stable
2026-05-15T09:04:49.310581,E,0.75,0.0,False,Stable
2026-05-15T09:04:49.362990,C,0.0,0.0,False,
2026-05-15T09:04:49.513499,F,46.98,13.0,False,Stable
2026-05-15T09:04:49.571653,E,0.76,0.0,False,Stable
2026-05-15T09:04:49.806507,E,0.74,0.0,False,Stable
2026-05-15T09:04:49.860257,C,0.0,0.0,False,
2026-05-15T09:04:50.007574,E,0.78,0.0,False,Stable
2026-05-15T09:04:50.276668,E,0.84,0.0,False,Stable
2026-05-15T09:04:50.361000,C,0.0,0.0,False,
2026-05-15T09:04:50.439734,E,0.79,0.0,False,Stable
2026-05-15T09:04:50.582890,F,53.61,13.0,False,Stable
2026-05-15T09:04:50.736370,E,0.76,0.0,False,Stable
2026-05-15T09:04:50.877554,C,0.0,0.0,False,
2026-05-15T09:04:50.928651,E,0.79,0.0,False,Stable
2026-05-15T09:04:51.156016,E,0.8,0.0,False,Stable
2026-05-15T09:04:51.386274,E,0.75,0.0,False,Stable
2026-05-15T09:04:51.437807,C,0.0,0.0,False,
2026-05-15T09:04:51.580974,F,49.52,13.0,False,Stable
2026-05-15T09:04:51.644594,E,0.72,0.0,False,Stable
2026-05-15T09:04:51.807444,E,0.79,0.0,False,Stable
2026-05-15T09:04:51.935246,C,0.0,0.0,False,
2026-05-15T09:04:52.079489,E,0.77,0.0,False,Stable
2026-05-15T09:04:52.279892,E,0.77,0.0,False,Stable
2026-05-15T09:04:52.468914,C,0.0,0.0,False,
2026-05-15T09:04:52.533205,E,0.78,0.0,False,Stable
2026-05-15T09:04:52.617942,F,58.8,64.0,False,Stable
2026-05-15T09:04:52.773689,E,0.72,0.0,False,Stable
2026-05-15T09:04:52.967037,E,0.8,0.0,False,Stable
2026-05-15T09:04:53.023289,C,0.0,0.0,False,
2026-05-15T09:04:53.196600,E,0.74,0.0,False,Stable
2026-05-15T09:04:53.435845,E,0.78,0.0,False,Stable
2026-05-15T09:04:53.507459,C,0.0,0.0,False,
2026-05-15T09:04:53.658794,F,46.18,64.0,False,Stable
2026-05-15T09:04:53.718612,E,0.85,0.0,False,Stable
2026-05-15T09:04:53.877207,E,0.8,0.0,False,Stable
2026-05-15T09:04:54.043392,C,0.0,0.0,False,
2026-05-15T09:04:54.100314,E,0.72,0.0,False,Stable
2026-05-15T09:04:54.364327,E,0.72,0.0,False,Stable
2026-05-15T09:04:54.601543,E,0.78,0.0,False,Stable
2026-05-15T09:04:54.664317,C,0.0,0.0,False,
2026-05-15T09:04:54.729884,F,54.4,64.0,False,Stable
2026-05-15T09:04:54.795845,E,0.76,0.0,False,Stable
2026-05-15T09:04:55.061256,E,0.8,0.0,False,Stable
2026-05-15T09:04:55.113465,C,0.0,0.0,False,
2026-05-15T09:04:55.250821,E,0.77,0.0,False,Stable
2026-05-15T09:04:55.510800,E,0.79,0.0,False,Stable
2026-05-15T09:04:55.639886,C,0.0,0.0,False,
2026-05-15T09:04:55.698629,F,46.53,13.0,False,Stable
2026-05-15T09:04:55.759509,E,0.8,0.0,False,Stable
2026-05-15T09:04:56.000906,E,0.78,0.0,False,Stable
2026-05-15T09:04:56.146285,C,0.0,0.0,False,
2026-05-15T09:04:56.208873,E,0.79,0.0,False,Stable
2026-05-15T09:04:56.399887,E,0.75,0.0,False,Stable
2026-05-15T09:04:56.653089,E,0.9,0.0,False,Stable
2026-05-15T09:04:56.702233,C,0.0,0.0,False,
2026-05-15T09:04:56.765506,F,50.92,13.0,False,Stable
2026-05-15T09:04:56.897836,E,0.68,0.0,False,Stable
2026-05-15T09:04:57.095938,E,0.84,0.0,False,Stable
2026-05-15T09:04:57.243008,C,0.0,0.0,False,
2026-05-15T09:04:57.310150,E,0.77,0.0,False,Stable
2026-05-15T09:04:57.558286,E,0.84,0.0,False,Stable
2026-05-15T09:04:57.729161,F,50.92,13.0,False,Stable
2026-05-15T09:04:57.788597,C,0.0,0.0,False,
2026-05-15T09:04:57.836376,E,0.78,0.0,False,Stable
2026-05-15T09:04:58.006857,E,0.75,0.0,False,Stable
2026-05-15T09:04:58.251583,E,0.81,0.0,False,Stable
2026-05-15T09:04:58.302598,C,0.0,0.0,False,
2026-05-15T09:04:58.456097,E,0.74,0.0,False,Stable
2026-05-15T09:04:58.701484,E,0.81,0.0,False,Stable
2026-05-15T09:04:58.755950,F,47.86,13.0,False,Stable
2026-05-15T09:04:58.815066,C,0.0,0.0,False,
2026-05-15T09:04:58.941263,E,0.8,0.0,False,Stable
2026-05-15T09:04:59.192224,E,0.82,0.0,False,Stable
2026-05-15T09:04:59.326403,C,0.0,0.0,False,
2026-05-15T09:04:59.376458,E,0.79,0.0,False,Stable
2026-05-15T09:04:59.626782,E,0.74,0.0,False,Stable
2026-05-15T09:04:59.793062,F,54.09,135.0,False,Stable
2026-05-15T09:04:59.851426,E,0.8,0.0,False,Stable
2026-05-15T09:04:59.929246,C,0.0,0.0,False,
2026-05-15T09:05:00.081013,E,0.74,0.0,False,Stable
2026-05-15T09:05:00.331644,E,0.8,0.0,False,Stable
2026-05-15T09:05:00.394363,C,0.0,0.0,False,
2026-05-15T09:05:00.541313,E,0.79,0.0,False,Stable
2026-05-15T09:05:00.775980,E,0.8,0.0,False,Stable
2026-05-15T09:05:00.836188,F,47.29,135.0,False,Stable
2026-05-15T09:05:00.908977,C,0.0,0.0,False,
2026-05-15T09:05:00.985783,E,0.8,0.0,False,Stable
2026-05-15T09:05:01.234034,E,0.75,0.0,False,Stable
2026-05-15T09:05:01.432083,C,0.0,0.0,False,
2026-05-15T09:05:01.499091,E,0.84,0.0,False,Stable
2026-05-15T09:05:01.670782,E,0.76,0.0,False,Stable
2026-05-15T09:05:01.859865,F,51.85,135.0,False,Stable
2026-05-15T09:05:01.911407,E,0.76,0.0,False,Stable
2026-05-15T09:05:01.973931,C,0.0,0.0,False,
2026-05-15T09:05:02.130018,E,0.74,0.0,False,Stable
2026-05-15T09:05:02.367567,E,0.79,0.0,False,Stable
2026-05-15T09:05:02.500772,C,0.0,0.0,False,
2026-05-15T09:05:02.658702,E,0.78,0.0,False,Stable
2026-05-15T09:05:02.804059,E,0.76,0.0,False,Stable
2026-05-15T09:05:02.885692,F,46.81,135.0,False,Stable
2026-05-15T09:05:03.030594,C,0.0,0.0,False,
2026-05-15T09:05:03.264396,E,0.81,0.0,False,Stable
2026-05-15T09:05:03.555089,E,0.84,0.0,False,Stable
2026-05-15T09:05:03.621483,C,0.0,0.0,False,
2026-05-15T09:05:03.801002,E,0.77,0.0,False,Stable
2026-05-15T09:05:03.941173,F,52.73,135.0,False,Stable
2026-05-15T09:05:03.995112,E,0.75,0.0,False,Stable
2026-05-15T09:05:04.049377,C,0.0,0.0,False,
2026-05-15T09:05:04.207329,E,0.8,0.0,False,Stable
2026-05-15T09:05:04.469574,E,0.79,0.0,False,Stable
2026-05-15T09:05:04.609179,C,0.0,0.0,False,
2026-05-15T09:05:04.676118,E,0.86,0.0,False,Stable
2026-05-15T09:05:04.913289,E,0.78,0.0,False,Stable
2026-05-15T09:05:04.965800,F,52.73,135.0,False,Stable
2026-05-15T09:05:05.118226,E,0.81,0.0,False,Stable
2026-05-15T09:05:05.168897,C,0.0,0.0,False,
2026-05-15T09:05:05.338994,E,0.78,0.0,False,Stable
2026-05-15T09:05:05.583975,E,0.78,0.0,False,Stable
2026-05-15T09:05:05.634278,C,0.0,0.0,False,
2026-05-15T09:05:05.786723,E,0.82,0.0,False,Stable
2026-05-15T09:05:06.029242,F,46.87,135.0,False,Stable
2026-05-15T09:05:06.084349,E,0.79,0.0,False,Stable
2026-05-15T09:05:06.223066,C,0.0,0.0,False,
2026-05-15T09:05:06.294855,E,0.77,0.0,False,Stable
2026-05-15T09:05:06.458503,E,0.81,0.0,False,Stable
2026-05-15T09:05:06.696913,C,0.0,0.0,False,
2026-05-15T09:05:06.758020,E,0.76,0.0,False,Stable
2026-05-15T09:05:06.928069,E,0.79,0.0,False,Stable
2026-05-15T09:05:06.990415,F,53.29,13.0,False,Stable
2026-05-15T09:05:07.156687,E,0.79,0.0,False,Stable
2026-05-15T09:05:07.211334,C,0.0,0.0,False,
2026-05-15T09:05:07.408369,E,0.76,0.0,False,Stable
2026-05-15T09:05:07.660953,E,0.73,0.0,False,Stable
2026-05-15T09:05:07.746357,C,0.0,0.0,False,
2026-05-15T09:05:07.878133,E,0.73,0.0,False,Stable
2026-05-15T09:05:08.018722,F,46.61,13.0,False,Stable
2026-05-15T09:05:08.072952,E,0.82,0.0,False,Stable
2026-05-15T09:05:08.320226,C,0.0,0.0,False,
2026-05-15T09:05:08.389130,E,0.79,0.0,False,Stable
2026-05-15T09:05:08.533483,E,0.71,0.0,False,Stable
2026-05-15T09:05:08.769379,E,0.8,0.0,False,Stable
2026-05-15T09:05:08.830763,C,0.0,0.0,False,
2026-05-15T09:05:08.991239,E,0.75,0.0,False,Stable
2026-05-15T09:05:09.045463,F,51.51,13.0,False,Stable
2026-05-15T09:05:09.206945,E,0.77,0.0,False,Stable
2026-05-15T09:05:09.342115,C,0.0,0.0,False,
2026-05-15T09:05:09.472325,E,0.77,0.0,False,Stable
2026-05-15T09:05:09.720872,E,0.76,0.0,False,Stable
2026-05-15T09:05:09.870589,C,0.0,0.0,False,
2026-05-15T09:05:09.938613,E,0.79,0.0,False,Stable
2026-05-15T09:05:10.081605,F,49.03,64.0,False,Stable
2026-05-15T09:05:10.138603,E,0.79,0.0,False,Stable
2026-05-15T09:05:10.401473,E,0.78,0.0,False,Stable
2026-05-15T09:05:10.470263,C,0.0,0.0,False,
2026-05-15T09:05:10.604703,E,0.84,0.0,False,Stable
2026-05-15T09:05:10.846456,E,0.77,0.0,False,Stable
2026-05-15T09:05:10.931675,C,0.0,0.0,False,
2026-05-15T09:05:11.068810,E,0.82,0.0,False,Stable
2026-05-15T09:05:11.121164,F,52.92,64.0,False,Stable
2026-05-15T09:05:11.265925,E,0.83,0.0,False,Stable
2026-05-15T09:05:11.425462,C,0.0,0.0,False,
2026-05-15T09:05:11.551242,E,0.76,0.0,False,Stable
2026-05-15T09:05:12.035406,C,0.0,0.0,False,
2026-05-15T09:05:12.087002,E,0.82,0.0,False,Stable
2026-05-15T09:05:12.138424,F,52.92,64.0,False,Stable
2026-05-15T09:05:12.191357,E,0.75,0.0,False,Stable
2026-05-15T09:05:12.443354,E,0.78,0.0,False,Stable
2026-05-15T09:05:12.512450,C,0.0,0.0,False,
2026-05-15T09:05:12.649352,E,0.78,0.0,False,Stable
2026-05-15T09:05:12.901347,E,0.75,0.0,False,Stable
2026-05-15T09:05:13.046014,C,0.0,0.0,False,
2026-05-15T09:05:13.125572,E,0.75,0.0,False,Stable
2026-05-15T09:05:13.179311,F,50.0,64.0,False,Stable
2026-05-15T09:05:13.340444,E,0.78,0.0,False,Stable
2026-05-15T09:05:13.600686,C,0.0,0.0,False,
2026-05-15T09:05:13.664726,E,0.71,0.0,False,Stable
2026-05-15T09:05:13.810375,E,0.79,0.0,False,Stable
2026-05-15T09:05:14.071117,C,0.0,0.0,False,
2026-05-15T09:05:14.210063,F,55.16,13.0,False,Stable
2026-05-15T09:05:14.271908,E,0.81,0.0,False,Stable
2026-05-15T09:05:14.550094,E,0.85,0.0,False,Stable
2026-05-15T09:05:14.607815,C,0.0,0.0,False,
2026-05-15T09:05:14.762785,E,0.8,0.0,False,Stable
2026-05-15T09:05:14.946378,E,0.74,0.0,False,Stable
2026-05-15T09:05:15.152141,C,0.0,0.0,False,
2026-05-15T09:05:15.205534,E,0.76,0.0,False,Stable
2026-05-15T09:05:15.261057,F,49.04,13.0,False,Stable
2026-05-15T09:05:15.408754,E,0.8,0.0,False,Stable
2026-05-15T09:05:15.659695,E,0.84,0.0,False,Stable
2026-05-15T09:05:15.719918,C,0.0,0.0,False,
2026-05-15T09:05:15.864091,E,0.76,0.0,False,Stable
2026-05-15T09:05:16.135075,E,0.91,0.0,False,Stable
2026-05-15T09:05:16.209367,C,0.0,0.0,False,
2026-05-15T09:05:16.272136,F,55.6,13.0,False,Stable
2026-05-15T09:05:16.322649,E,0.75,0.0,False,Stable
2026-05-15T09:05:16.618393,E,1.36,0.0,False,Stable
2026-05-15T09:05:16.762979,C,0.0,0.0,False,
2026-05-15T09:05:16.817626,E,0.77,0.0,False,Stable
2026-05-15T09:05:17.080025,E,0.7,0.0,False,Stable
2026-05-15T09:05:17.242499,E,0.77,0.0,False,Stable
2026-05-15T09:05:17.318086,C,0.0,0.0,False,
2026-05-15T09:05:17.367988,F,49.42,64.0,False,Stable
2026-05-15T09:05:17.518169,E,0.71,0.0,False,Stable
2026-05-15T09:05:17.691394,E,0.75,0.0,False,Stable
2026-05-15T09:05:17.790604,C,0.0,0.0,False,
2026-05-15T09:05:17.927067,E,0.8,0.0,False,Stable
2026-05-15T09:05:18.180730,E,0.83,0.0,False,Stable
2026-05-15T09:05:18.327479,C,0.0,0.0,False,
2026-05-15T09:05:18.380874,F,55.45,64.0,False,Stable
2026-05-15T09:05:18.431891,E,0.82,0.0,False,Stable
2026-05-15T09:05:18.605925,E,0.78,0.0,False,Stable
2026-05-15T09:05:18.830185,C,0.0,0.0,False,
2026-05-15T09:05:18.883602,E,0.79,0.0,False,Stable
2026-05-15T09:05:19.071111,E,0.76,0.0,False,Stable
2026-05-15T09:05:19.351971,E,0.83,0.0,False,Stable
2026-05-15T09:05:19.405082,C,0.0,0.0,False,
2026-05-15T09:05:19.469281,F,50.14,64.0,False,Stable
2026-05-15T09:05:19.527506,E,0.53,0.0,False,Stable
2026-05-15T09:05:19.779465,E,0.71,0.0,False,Stable
2026-05-15T09:05:19.906116,C,0.0,0.0,False,
2026-05-15T09:05:19.986834,E,0.73,0.0,False,Stable
2026-05-15T09:05:20.247302,E,0.79,0.0,False,Stable
2026-05-15T09:05:20.425587,F,56.16,13.0,False,Stable
2026-05-15T09:05:20.480762,C,0.0,0.0,False,
2026-05-15T09:05:20.533266,E,0.83,0.0,False,Stable
2026-05-15T09:05:20.918032,E,0.79,0.0,False,Stable
2026-05-15T09:05:20.982948,C,0.0,0.0,False,
2026-05-15T09:05:21.144684,E,0.85,0.0,False,Stable
2026-05-15T09:05:21.393370,E,0.77,0.0,False,Stable
2026-05-15T09:05:21.460629,F,56.16,13.0,False,Stable
2026-05-15T09:05:21.528876,C,0.0,0.0,False,
2026-05-15T09:05:21.585566,E,0.79,0.0,False,Stable
2026-05-15T09:05:21.863416,E,0.89,0.0,False,Stable
2026-05-15T09:05:22.014675,C,0.0,0.0,False,
2026-05-15T09:05:22.071012,E,0.78,0.0,False,Stable
2026-05-15T09:05:22.342355,E,0.77,0.0,False,Stable
2026-05-15T09:05:22.491095,F,48.84,13.0,False,Stable
2026-05-15T09:05:22.546561,E,0.77,0.0,False,Stable
2026-05-15T09:05:22.617086,C,0.0,0.0,False,
2026-05-15T09:05:22.794680,E,0.82,0.0,False,Stable
2026-05-15T09:05:22.973226,E,0.79,0.0,False,Stable
2026-05-15T09:05:23.061537,C,0.0,0.0,False,
2026-05-15T09:05:23.200940,E,0.71,0.0,False,Stable
2026-05-15T09:05:23.456593,E,0.79,0.0,False,Stable
2026-05-15T09:05:23.530507,F,56.31,13.0,False,Stable
2026-05-15T09:05:23.585601,C,0.0,0.0,False,
2026-05-15T09:05:23.635489,E,0.78,0.0,False,Stable
2026-05-15T09:05:23.868332,E,0.65,0.0,False,Stable
2026-05-15T09:05:24.066952,C,0.0,0.0,False,
2026-05-15T09:05:24.124553,E,0.73,0.0,False,Stable
2026-05-15T09:05:24.403626,E,0.78,0.0,False,Stable
2026-05-15T09:05:24.555368,F,47.84,248.0,False,Stable
2026-05-15T09:05:24.617020,E,0.8,0.0,False,Stable
2026-05-15T09:05:24.666826,C,0.0,0.0,False,
2026-05-15T09:05:24.809402,E,0.73,0.0,False,Stable
2026-05-15T09:05:25.070753,E,0.7,0.0,False,Stable
2026-05-15T09:05:25.134591,C,0.0,0.0,False,
2026-05-15T09:05:25.270106,E,0.72,0.0,False,Stable
2026-05-15T09:05:25.478304,E,0.82,0.0,False,Stable
2026-05-15T09:05:25.532513,F,54.97,248.0,False,Stable
2026-05-15T09:05:25.676748,C,0.0,0.0,False,
2026-05-15T09:05:25.730628,E,0.82,0.0,False,Stable
2026-05-15T09:05:25.995050,E,0.8,0.0,False,Stable
2026-05-15T09:05:26.191143,C,0.0,0.0,False,
2026-05-15T09:05:26.453217,E,0.83,0.0,False,Stable
2026-05-15T09:05:26.590022,F,48.98,248.0,False,Stable
2026-05-15T09:05:26.668205,E,0.77,0.0,False,Stable
2026-05-15T09:05:26.722578,C,0.0,0.0,False,
2026-05-15T09:05:26.872236,E,0.79,0.0,False,Stable
2026-05-15T09:05:27.137724,E,0.8,0.0,False,Stable
2026-05-15T09:05:27.280681,C,0.0,0.0,False,
2026-05-15T09:05:27.373974,E,0.78,0.0,False,Stable
2026-05-15T09:05:27.546139,E,0.74,0.0,False,Stable
2026-05-15T09:05:27.622590,F,55.23,13.0,False,Stable
2026-05-15T09:05:27.797471,E,0.78,0.0,False,Stable
2026-05-15T09:05:27.857781,C,0.0,0.0,False,
2026-05-15T09:05:28.007984,E,0.71,0.0,False,Stable
2026-05-15T09:05:28.284541,E,0.7,0.0,False,Stable
2026-05-15T09:05:28.333621,C,0.0,0.0,False,
2026-05-15T09:05:28.474582,E,0.77,0.0,False,Stable
2026-05-15T09:05:28.626186,F,48.82,13.0,False,Stable
2026-05-15T09:05:28.680679,E,0.83,0.0,False,Stable
2026-05-15T09:05:28.815157,C,0.0,0.0,False,
2026-05-15T09:05:28.960445,E,0.84,0.0,False,Stable
2026-05-15T09:05:29.153128,E,0.86,0.0,False,Stable
2026-05-15T09:05:29.341756,C,0.0,0.0,False,
2026-05-15T09:05:29.393045,E,0.79,0.0,False,Stable
2026-05-15T09:05:29.644194,E,0.79,0.0,False,Stable
2026-05-15T09:05:29.721011,F,52.87,13.0,False,Stable
2026-05-15T09:05:29.865026,E,0.89,0.0,False,Stable
2026-05-15T09:05:29.923462,C,0.0,0.0,False,
2026-05-15T09:05:30.068861,E,0.77,0.0,False,Stable
2026-05-15T09:05:30.334124,E,0.84,0.0,False,Stable
2026-05-15T09:05:30.404141,C,0.0,0.0,False,
2026-05-15T09:05:30.585800,E,0.81,0.0,False,Stable
2026-05-15T09:05:30.660341,F,52.87,13.0,False,Stable
2026-05-15T09:05:30.788342,E,0.75,0.0,False,Stable
2026-05-15T09:05:30.926271,C,0.0,0.0,False,
2026-05-15T09:05:30.989011,E,0.79,0.0,False,Stable
2026-05-15T09:05:31.205474,E,0.77,0.0,False,Stable
2026-05-15T09:05:31.442065,E,0.73,0.0,False,Stable
2026-05-15T09:05:31.493731,C,0.0,0.0,False,
2026-05-15T09:05:31.658340,E,0.74,0.0,False,Stable
2026-05-15T09:05:31.724999,F,49.71,64.0,False,Stable
2026-05-15T09:05:31.892981,E,0.74,0.0,False,Stable
2026-05-15T09:05:32.019845,C,0.0,0.0,False,
2026-05-15T09:05:32.154706,E,0.81,0.0,False,Stable
2026-05-15T09:05:32.345098,E,0.78,0.0,False,Stable
2026-05-15T09:05:32.509023,C,0.0,0.0,False,
2026-05-15T09:05:32.585649,E,0.73,0.0,False,Stable
2026-05-15T09:05:32.728095,F,55.35,64.0,False,Stable
2026-05-15T09:05:32.857468,E,0.78,0.0,False,Stable
2026-05-15T09:05:33.021906,E,0.82,0.0,False,Stable
2026-05-15T09:05:33.083808,C,0.0,0.0,False,
2026-05-15T09:05:33.274225,E,0.79,0.0,False,Stable
2026-05-15T09:05:33.519982,E,0.78,0.0,False,Stable
2026-05-15T09:05:33.575948,C,0.0,0.0,False,
2026-05-15T09:05:33.721162,E,0.73,0.0,False,Stable
2026-05-15T09:05:33.780959,F,47.67,64.0,False,Stable
2026-05-15T09:05:33.950163,E,0.81,0.0,False,Stable
2026-05-15T09:05:34.095243,C,0.0,0.0,False,
2026-05-15T09:05:34.233159,E,0.76,0.0,False,Stable
2026-05-15T09:05:34.425207,E,0.84,0.0,False,Stable
2026-05-15T09:05:34.666341,C,0.0,0.0,False,
2026-05-15T09:05:34.724993,E,0.77,0.0,False,Stable
2026-05-15T09:05:34.780662,F,43.61,64.0,False,Stable
2026-05-15T09:05:34.863653,E,0.79,0.0,False,Stable
2026-05-15T09:05:35.102358,E,0.79,0.0,False,Stable
2026-05-15T09:05:35.163603,C,0.0,0.0,False,
2026-05-15T09:05:35.329764,E,0.78,0.0,False,Stable
2026-05-15T09:05:35.587892,E,0.76,0.0,False,Stable
2026-05-15T09:05:35.724063,C,0.0,0.0,False,
2026-05-15T09:05:35.782439,E,0.99,0.0,False,Stable
2026-05-15T09:05:35.847807,F,56.81,64.0,False,Stable
2026-05-15T09:05:36.020015,E,0.8,0.0,False,Stable
2026-05-15T09:05:36.256257,C,0.0,0.0,False,
2026-05-15T09:05:36.321159,E,0.77,0.0,False,Stable
2026-05-15T09:05:36.476450,E,0.78,0.0,False,Stable
2026-05-15T09:05:36.715572,E,0.8,0.0,False,Stable
2026-05-15T09:05:36.769905,C,0.0,0.0,False,
2026-05-15T09:05:36.851799,F,57.87,64.0,False,Stable
2026-05-15T09:05:36.932794,E,0.84,0.0,False,Stable
2026-05-15T09:05:37.209140,E,0.88,0.0,False,Stable
2026-05-15T09:05:37.268778,C,0.0,0.0,False,
2026-05-15T09:05:37.418292,E,0.77,0.0,False,Stable
2026-05-15T09:05:37.604489,E,0.75,0.0,False,Stable
2026-05-15T09:05:37.788434,C,0.0,0.0,False,
2026-05-15T09:05:37.846836,E,0.76,0.0,False,Stable
2026-05-15T09:05:37.904138,F,49.87,200.0,False,Stable
2026-05-15T09:05:38.073174,E,0.74,0.0,False,Stable
2026-05-15T09:05:38.301145,E,0.8,0.0,False,Stable
2026-05-15T09:05:38.352442,C,0.0,0.0,False,
2026-05-15T09:05:38.533206,E,0.74,0.0,False,Stable
2026-05-15T09:05:38.802848,E,0.81,0.0,False,Stable
2026-05-15T09:05:38.868344,C,0.0,0.0,False,
2026-05-15T09:05:38.922245,F,53.02,200.0,False,Stable
2026-05-15T09:05:38.990721,E,0.75,0.0,False,Stable
2026-05-15T09:05:39.237816,E,0.78,0.0,False,Stable
2026-05-15T09:05:39.373878,C,0.0,0.0,False,
2026-05-15T09:05:39.454922,E,0.79,0.0,False,Stable
2026-05-15T09:05:39.711893,E,0.79,0.0,False,Stable
2026-05-15T09:05:39.898949,C,0.0,0.0,False,
2026-05-15T09:05:39.961799,E,0.76,0.0,False,Stable
2026-05-15T09:05:40.022158,F,53.02,200.0,False,Stable
2026-05-15T09:05:40.170017,E,0.81,0.0,False,Stable
2026-05-15T09:05:40.357218,E,0.79,0.0,False,Stable
2026-05-15T09:05:40.414447,C,0.0,0.0,False,
2026-05-15T09:05:40.598355,E,0.83,0.0,False,Stable
2026-05-15T09:05:40.826916,E,0.79,0.0,False,Stable
2026-05-15T09:05:40.973052,C,0.0,0.0,False,
2026-05-15T09:05:41.027304,F,48.14,200.0,False,Stable
2026-05-15T09:05:41.085860,E,0.77,0.0,False,Stable
2026-05-15T09:05:41.285785,E,0.76,0.0,False,Stable
2026-05-15T09:05:41.475246,C,0.0,0.0,False,
2026-05-15T09:05:41.530134,E,0.77,0.0,False,Stable
2026-05-15T09:05:41.798969,E,0.79,0.0,False,Stable
2026-05-15T09:05:41.963465,E,0.8,0.0,False,Stable
2026-05-15T09:05:42.027058,F,57.31,135.0,False,Stable
2026-05-15T09:05:42.080326,C,0.0,0.0,False,
2026-05-15T09:05:42.221071,E,0.75,0.0,False,Stable
2026-05-15T09:05:42.462353,E,0.75,0.0,False,Stable
2026-05-15T09:05:42.620062,C,0.0,0.0,False,
2026-05-15T09:05:42.676857,E,0.79,0.0,False,Stable
2026-05-15T09:05:42.921217,E,0.75,0.0,False,Stable
2026-05-15T09:05:43.040326,F,45.0,135.0,False,Stable
2026-05-15T09:05:43.098209,C,0.0,0.0,False,
2026-05-15T09:05:43.156808,E,0.76,0.0,False,Stable
2026-05-15T09:05:43.365441,E,0.82,0.0,False,Stable
2026-05-15T09:05:43.607441,E,0.8,0.0,False,Stable
2026-05-15T09:05:43.660511,C,0.0,0.0,False,
2026-05-15T09:05:43.811828,E,0.78,0.0,False,Stable
2026-05-15T09:05:44.063103,E,0.84,0.0,False,Stable
2026-05-15T09:05:44.123088,F,52.31,135.0,False,Stable
2026-05-15T09:05:44.173264,C,0.0,0.0,False,
2026-05-15T09:05:44.273264,E,0.76,0.0,False,Stable
2026-05-15T09:05:44.522579,E,0.8,0.0,False,Stable
2026-05-15T09:05:44.650226,C,0.0,0.0,False,
2026-05-15T09:05:44.731871,E,0.82,0.0,False,Stable
2026-05-15T09:05:44.972667,E,0.8,0.0,False,Stable
2026-05-15T09:05:45.103017,F,46.3,64.0,False,Stable
2026-05-15T09:05:45.155204,C,0.0,0.0,False,
2026-05-15T09:05:45.205203,E,0.84,0.0,False,Stable
2026-05-15T09:05:45.457074,E,0.77,0.0,False,Stable
2026-05-15T09:05:45.623165,E,0.77,0.0,False,Stable
2026-05-15T09:05:45.680046,C,0.0,0.0,False,
2026-05-15T09:05:45.846474,E,0.74,0.0,False,Stable
2026-05-15T09:05:46.109768,E,0.78,0.0,False,Stable
2026-05-15T09:05:46.167708,F,54.15,64.0,False,Stable
2026-05-15T09:05:46.218236,C,0.0,0.0,False,
2026-05-15T09:05:46.360168,E,0.81,0.0,False,Stable
2026-05-15T09:05:46.540827,E,0.76,0.0,False,Stable
2026-05-15T09:05:46.784892,C,0.0,0.0,False,
2026-05-15T09:05:46.834073,E,0.76,0.0,False,Stable
2026-05-15T09:05:46.992449,E,0.77,0.0,False,Stable
2026-05-15T09:05:47.149157,F,54.15,64.0,False,Stable
2026-05-15T09:05:47.232549,E,0.73,0.0,False,Stable
2026-05-15T09:05:47.287043,C,0.0,0.0,False,
2026-05-15T09:05:47.474135,E,0.79,0.0,False,Stable
2026-05-15T09:05:47.734753,E,0.8,0.0,False,Stable
2026-05-15T09:05:47.784536,C,0.0,0.0,False,
2026-05-15T09:05:47.938526,E,0.76,0.0,False,Stable
2026-05-15T09:05:48.173785,E,0.75,0.0,False,Stable
2026-05-15T09:05:48.233011,F,47.33,64.0,False,Stable
2026-05-15T09:05:48.375447,C,0.0,0.0,False,
2026-05-15T09:05:48.444498,E,0.79,0.0,False,Stable
2026-05-15T09:05:48.604852,E,0.75,0.0,False,Stable
2026-05-15T09:05:48.845445,E,0.78,0.0,False,Stable
2026-05-15T09:05:48.903516,C,0.0,0.0,False,
2026-05-15T09:05:49.080278,E,0.78,0.0,False,Stable
2026-05-15T09:05:49.212182,F,54.11,135.0,False,Stable
2026-05-15T09:05:49.343811,E,0.74,0.0,False,Stable
2026-05-15T09:05:49.402438,C,0.0,0.0,False,
2026-05-15T09:05:49.557038,E,0.81,0.0,False,Stable
2026-05-15T09:05:49.813530,E,0.77,0.0,False,Stable
2026-05-15T09:05:49.968898,C,0.0,0.0,False,
2026-05-15T09:05:50.038715,E,0.8,0.0,False,Stable
2026-05-15T09:05:50.222398,E,0.78,0.0,False,Stable
2026-05-15T09:05:50.276844,F,45.99,135.0,False,Stable
2026-05-15T09:05:50.450231,C,0.0,0.0,False,
2026-05-15T09:05:50.514231,E,0.76,0.0,False,Stable
2026-05-15T09:05:50.659877,E,0.78,0.0,False,Stable
2026-05-15T09:05:50.914731,E,0.76,0.0,False,Stable
2026-05-15T09:05:50.970709,C,0.0,0.0,False,
2026-05-15T09:05:51.143060,E,0.77,0.0,False,Stable
2026-05-15T09:05:51.276028,F,51.74,135.0,False,Stable
2026-05-15T09:05:51.359366,E,0.82,0.0,False,Stable
2026-05-15T09:05:51.483407,C,0.0,0.0,False,
2026-05-15T09:05:51.625739,E,0.78,0.0,False,Stable
2026-05-15T09:05:51.812088,E,0.84,0.0,False,Stable
2026-05-15T09:05:52.040571,C,0.0,0.0,False,
2026-05-15T09:05:52.102639,E,0.8,0.0,False,Stable
2026-05-15T09:05:52.268812,E,0.72,0.0,False,Stable
2026-05-15T09:05:52.329689,F,51.74,135.0,False,Stable
2026-05-15T09:05:52.491374,E,0.84,0.0,False,Stable
2026-05-15T09:05:52.561155,C,0.0,0.0,False,
2026-05-15T09:05:52.739781,E,0.76,0.0,False,Stable
2026-05-15T09:05:52.990043,E,0.77,0.0,False,Stable
2026-05-15T09:05:53.075381,C,0.0,0.0,False,
2026-05-15T09:05:53.208161,E,0.82,0.0,False,Stable
2026-05-15T09:05:53.336687,F,45.51,248.0,False,Stable
2026-05-15T09:05:53.414568,E,0.77,0.0,False,Stable
2026-05-15T09:05:53.604164,C,0.0,0.0,False,
2026-05-15T09:05:53.678857,E,0.76,0.0,False,Stable
2026-05-15T09:05:53.860592,E,0.77,0.0,False,Stable
2026-05-15T09:05:54.099642,E,0.78,0.0,False,Stable
2026-05-15T09:05:54.169618,C,0.0,0.0,False,
2026-05-15T09:05:54.330024,E,0.8,0.0,False,Stable
2026-05-15T09:05:54.386314,F,53.11,248.0,False,Stable
2026-05-15T09:05:54.554420,E,0.79,0.0,False,Stable
2026-05-15T09:05:54.703281,C,0.0,0.0,False,
2026-05-15T09:05:54.830011,E,0.81,0.0,False,Stable
2026-05-15T09:05:55.073710,E,0.82,0.0,False,Stable
2026-05-15T09:05:55.236736,C,0.0,0.0,False,
2026-05-15T09:05:55.291663,E,0.74,0.0,False,Stable
2026-05-15T09:05:55.417474,F,45.31,248.0,False,Stable
2026-05-15T09:05:55.468825,E,0.8,0.0,False,Stable
2026-05-15T09:05:55.727970,C,0.0,0.0,False,
2026-05-15T09:05:55.799682,E,0.8,0.0,False,Stable
2026-05-15T09:05:55.984171,E,0.78,0.0,False,Stable
2026-05-15T09:05:56.178560,E,0.82,0.0,False,Stable
2026-05-15T09:05:56.248581,C,0.0,0.0,False,
2026-05-15T09:05:56.389393,E,0.79,0.0,False,Stable
2026-05-15T09:05:56.449968,F,52.75,135.0,False,Stable
2026-05-15T09:05:56.615476,E,0.81,0.0,False,Stable
2026-05-15T09:05:56.766174,C,0.0,0.0,False,
2026-05-15T09:05:56.851065,E,0.78,0.0,False,Stable
2026-05-15T09:05:57.093935,E,0.75,0.0,False,Stable
2026-05-15T09:05:57.344379,C,0.0,0.0,False,
2026-05-15T09:05:57.400645,E,0.78,0.0,False,Stable
2026-05-15T09:05:57.450208,F,45.0,135.0,False,Stable
2026-05-15T09:05:57.579411,E,0.76,0.0,False,Stable
2026-05-15T09:05:57.771710,E,0.82,0.0,False,Stable
2026-05-15T09:05:57.841002,C,0.0,0.0,False,
2026-05-15T09:05:58.001999,E,0.76,0.0,False,Stable
2026-05-15T09:05:58.243166,E,0.76,0.0,False,Stable
2026-05-15T09:05:58.368560,C,0.0,0.0,False,
2026-05-15T09:05:58.495819,E,0.79,0.0,False,Stable
2026-05-15T09:05:58.551400,F,50.94,135.0,False,Stable
2026-05-15T09:05:58.692464,E,0.77,0.0,False,Stable
2026-05-15T09:05:58.865072,C,0.0,0.0,False,
2026-05-15T09:05:58.917963,E,0.78,0.0,False,Stable
2026-05-15T09:05:59.208161,E,0.77,0.0,False,Stable
2026-05-15T09:05:59.384347,E,0.81,0.0,False,Stable
2026-05-15T09:05:59.440484,C,0.0,0.0,False,
2026-05-15T09:05:59.493618,F,50.94,135.0,False,Stable
2026-05-15T09:05:59.628634,E,0.77,0.0,False,Stable
2026-05-15T09:05:59.902116,E,0.81,0.0,False,Stable
2026-05-15T09:05:59.964681,C,0.0,0.0,False,
2026-05-15T09:06:00.093887,E,0.81,0.0,False,Stable
2026-05-15T09:06:00.275286,E,0.81,0.0,False,Stable
2026-05-15T09:06:00.441295,C,0.0,0.0,False,
2026-05-15T09:06:00.513270,E,0.81,0.0,False,Stable
2026-05-15T09:06:00.560032,F,45.68,64.0,False,Stable
2026-05-15T09:06:00.790749,E,0.82,0.0,False,Stable
2026-05-15T09:06:01.011233,E,0.75,0.0,False,Stable
2026-05-15T09:06:01.062265,C,0.0,0.0,False,
2026-05-15T09:06:01.198582,E,0.82,0.0,False,Stable
2026-05-15T09:06:01.465050,E,0.75,0.0,False,Stable
2026-05-15T09:06:01.524642,C,0.0,0.0,False,
2026-05-15T09:06:01.579894,F,51.82,64.0,False,Stable
2026-05-15T09:06:01.699963,E,0.82,0.0,False,Stable
2026-05-15T09:06:01.953242,E,0.83,0.0,False,Stable
2026-05-15T09:06:02.084149,C,0.0,0.0,False,
2026-05-15T09:06:02.141048,E,0.8,0.0,False,Stable
2026-05-15T09:06:02.408191,E,0.84,0.0,False,Stable
2026-05-15T09:06:02.561102,C,0.0,0.0,False,
2026-05-15T09:06:02.614851,E,0.74,0.0,False,Stable
2026-05-15T09:06:02.667619,F,45.54,64.0,False,Stable
2026-05-15T09:06:02.806179,E,0.78,0.0,False,Stable
2026-05-15T09:06:03.054364,E,0.78,0.0,False,Stable
2026-05-15T09:06:03.108813,C,0.0,0.0,False,
2026-05-15T09:06:03.243605,E,0.79,0.0,False,Stable
2026-05-15T09:06:03.521042,E,0.83,0.0,False,Stable
2026-05-15T09:06:03.594700,C,0.0,0.0,False,
2026-05-15T09:06:03.658379,F,50.99,13.0,False,Stable
2026-05-15T09:06:03.717497,E,0.75,0.0,False,Stable
2026-05-15T09:06:03.991772,E,0.78,0.0,False,Stable
2026-05-15T09:06:04.141920,C,0.0,0.0,False,
2026-05-15T09:06:04.193616,E,0.77,0.0,False,Stable
2026-05-15T09:06:04.428420,E,0.75,0.0,False,Stable
2026-05-15T09:06:04.691014,E,0.76,0.0,False,Stable
2026-05-15T09:06:04.833503,F,50.99,13.0,False,Stable
2026-05-15T09:06:04.890771,C,0.0,0.0,False,
2026-05-15T09:06:04.949186,E,0.8,0.0,False,Stable
2026-05-15T09:06:05.116152,E,0.77,0.0,False,Stable
2026-05-15T09:06:05.188322,C,0.0,0.0,False,
2026-05-15T09:06:05.329721,E,0.79,0.0,False,Stable
2026-05-15T09:06:05.583236,E,0.79,0.0,False,Stable
2026-05-15T09:06:05.713451,F,45.9,13.0,False,Stable
2026-05-15T09:06:05.772805,C,0.0,0.0,False,
2026-05-15T09:06:05.826535,E,0.77,0.0,False,Stable
2026-05-15T09:06:06.013306,E,0.85,0.0,False,Stable
2026-05-15T09:06:06.241217,E,0.8,0.0,False,Stable
2026-05-15T09:06:06.291844,C,0.0,0.0,False,
2026-05-15T09:06:06.484628,E,0.82,0.0,False,Stable
2026-05-15T09:06:06.743221,E,0.82,0.0,False,Stable
2026-05-15T09:06:06.807252,F,50.88,13.0,False,Stable
2026-05-15T09:06:06.854215,C,0.0,0.0,False,
2026-05-15T09:06:06.929135,E,0.78,0.0,False,Stable
2026-05-15T09:06:07.191483,E,0.84,0.0,False,Stable
2026-05-15T09:06:07.322977,C,0.0,0.0,False,
2026-05-15T09:06:07.378836,E,0.76,0.0,False,Stable
2026-05-15T09:06:07.627070,E,0.72,0.0,False,Stable
2026-05-15T09:06:07.774322,F,44.03,13.0,False,Stable
2026-05-15T09:06:07.825925,C,0.0,0.0,False,
2026-05-15T09:06:07.884821,E,0.75,0.0,False,Stable
2026-05-15T09:06:08.076441,E,0.84,0.0,False,Stable
2026-05-15T09:06:08.322538,E,0.78,0.0,False,Stable
2026-05-15T09:06:08.372919,C,0.0,0.0,False,
2026-05-15T09:06:08.756049,E,0.85,0.0,False,Stable
2026-05-15T09:06:08.810577,F,50.47,13.0,False,Stable
2026-05-15T09:06:08.929780,C,0.0,0.0,False,
2026-05-15T09:06:08.982570,E,0.79,0.0,False,Stable
2026-05-15T09:06:09.274925,E,0.75,0.0,False,Stable
2026-05-15T09:06:09.423390,C,0.0,0.0,False,
2026-05-15T09:06:09.475684,E,0.77,0.0,False,Stable
2026-05-15T09:06:09.729944,E,0.79,0.0,False,Stable
2026-05-15T09:06:09.801430,F,50.47,13.0,False,Stable
2026-05-15T09:06:09.935035,E,0.77,0.0,False,Stable
2026-05-15T09:06:09.983330,C,0.0,0.0,False,
2026-05-15T09:06:10.135083,E,0.76,0.0,False,Stable
2026-05-15T09:06:10.392105,E,0.73,0.0,False,Stable
2026-05-15T09:06:10.523693,C,0.0,0.0,False,
2026-05-15T09:06:10.584885,E,0.75,0.0,False,Stable
2026-05-15T09:06:10.869566,F,43.91,13.0,False,Stable
2026-05-15T09:06:10.930015,E,0.77,0.0,False,Stable
2026-05-15T09:06:10.982272,C,0.0,0.0,False,
2026-05-15T09:06:11.035257,E,0.77,0.0,False,Stable
2026-05-15T09:06:11.298175,E,0.8,0.0,False,Stable
2026-05-15T09:06:11.566041,E,0.77,0.0,False,Stable
2026-05-15T09:06:11.632358,C,0.0,0.0,False,
2026-05-15T09:06:11.759805,E,0.73,0.0,False,Stable
2026-05-15T09:06:11.836386,F,49.65,135.0,False,Stable
2026-05-15T09:06:11.976829,E,0.79,0.0,False,Stable
2026-05-15T09:06:12.026940,C,0.0,0.0,False,
2026-05-15T09:06:12.187495,E,0.84,0.0,False,Stable
2026-05-15T09:06:12.450954,E,0.78,0.0,False,Stable
2026-05-15T09:06:12.592525,C,0.0,0.0,False,
2026-05-15T09:06:12.649150,E,0.8,0.0,False,Stable
2026-05-15T09:06:12.886896,F,44.24,135.0,False,Stable
2026-05-15T09:06:12.951452,E,0.76,0.0,False,Stable
2026-05-15T09:06:13.094235,C,0.0,0.0,False,
2026-05-15T09:06:13.151964,E,0.82,0.0,False,Stable
2026-05-15T09:06:13.338589,E,0.74,0.0,False,Stable
2026-05-15T09:06:13.568062,E,0.76,0.0,False,Stable
2026-05-15T09:06:13.622029,C,0.0,0.0,False,
2026-05-15T09:06:13.803488,E,0.86,0.0,False,Stable
2026-05-15T09:06:13.942711,F,47.89,135.0,False,Stable
2026-05-15T09:06:14.084409,E,0.79,0.0,False,Stable
2026-05-15T09:06:14.136711,C,0.0,0.0,False,
2026-05-15T09:06:14.277139,E,0.77,0.0,False,Stable
2026-05-15T09:06:14.531281,E,0.79,0.0,False,Stable
2026-05-15T09:06:14.682208,C,0.0,0.0,False,
2026-05-15T09:06:14.737261,E,0.8,0.0,False,Stable
2026-05-15T09:06:14.989089,F,47.89,135.0,False,Stable
2026-05-15T09:06:15.074466,E,0.75,0.0,False,Stable
2026-05-15T09:06:15.195971,E,0.76,0.0,False,Stable
2026-05-15T09:06:15.245754,C,0.0,0.0,False,
2026-05-15T09:06:15.418669,E,0.77,0.0,False,Stable
2026-05-15T09:06:15.692182,E,0.79,0.0,False,Stable
2026-05-15T09:06:15.738372,C,0.0,0.0,False,
2026-05-15T09:06:15.863554,E,0.79,0.0,False,Stable
2026-05-15T09:06:16.004412,F,56.57,135.0,False,Stable
2026-05-15T09:06:16.097604,E,0.7,0.0,False,Stable
2026-05-15T09:06:16.254179,C,0.0,0.0,False,
2026-05-15T09:06:16.305671,E,0.84,0.0,False,Stable
2026-05-15T09:06:16.560320,E,1.19,0.0,False,Stable
2026-05-15T09:06:16.811934,E,0.83,0.0,False,Stable
2026-05-15T09:06:16.862457,C,0.0,0.0,False,
2026-05-15T09:06:16.999830,F,56.57,135.0,False,Stable
2026-05-15T09:06:17.065236,E,0.85,0.0,False,Stable
2026-05-15T09:06:17.225055,E,0.75,0.0,False,Stable
2026-05-15T09:06:17.353586,C,0.0,0.0,False,
2026-05-15T09:06:17.545749,E,0.85,0.0,False,Stable
2026-05-15T09:06:17.696311,E,0.79,0.0,False,Stable
2026-05-15T09:06:17.835409,C,0.0,0.0,False,
2026-05-15T09:06:17.908865,E,0.73,0.0,False,Stable
2026-05-15T09:06:18.064951,F,40.76,135.0,False,Stable
2026-05-15T09:06:18.198321,E,0.74,0.0,False,Stable
2026-05-15T09:06:18.361642,C,0.0,0.0,False,
2026-05-15T09:06:18.413581,E,0.8,0.0,False,Stable
2026-05-15T09:06:18.674744,E,0.74,0.0,False,Stable
2026-05-15T09:06:18.834749,E,0.79,0.0,False,Stable
2026-05-15T09:06:18.888795,C,0.0,0.0,False,
2026-05-15T09:06:19.053749,F,47.52,64.0,False,Stable
2026-05-15T09:06:19.122675,E,0.79,0.0,False,Stable
2026-05-15T09:06:19.280641,E,0.79,0.0,False,Stable
2026-05-15T09:06:19.432438,C,0.0,0.0,False,
2026-05-15T09:06:19.560198,E,0.83,0.0,False,Stable
2026-05-15T09:06:19.753581,E,0.7,0.0,False,Stable
2026-05-15T09:06:19.936056,C,0.0,0.0,False,
2026-05-15T09:06:19.995099,E,0.71,0.0,False,Stable
2026-05-15T09:06:20.074906,F,47.52,64.0,False,Stable
2026-05-15T09:06:20.236364,E,0.76,0.0,False,Stable
2026-05-15T09:06:20.499005,E,0.77,0.0,False,Stable
2026-05-15T09:06:20.557835,C,0.0,0.0,False,
2026-05-15T09:06:20.694523,E,0.78,0.0,False,Stable
2026-05-15T09:06:20.952039,E,0.79,0.0,False,Stable
2026-05-15T09:06:21.008916,C,0.0,0.0,False,
2026-05-15T09:06:21.137145,F,42.8,64.0,False,Stable
2026-05-15T09:06:21.212090,E,0.74,0.0,False,Stable
2026-05-15T09:06:21.370408,E,2.08,0.0,False,Stable
2026-05-15T09:06:21.534719,C,0.0,0.0,False,
2026-05-15T09:06:21.606215,E,0.8,0.0,False,Stable
2026-05-15T09:06:21.860528,E,0.77,0.0,False,Stable
2026-05-15T09:06:22.040165,E,0.76,0.0,False,Stable
2026-05-15T09:06:22.091198,C,0.0,0.0,False,
2026-05-15T09:06:22.155690,F,47.0,64.0,False,Stable
2026-05-15T09:06:22.297310,E,0.43,0.0,False,Stable
2026-05-15T09:06:22.556593,E,0.72,0.0,False,Stable
2026-05-15T09:06:22.609698,C,0.0,0.0,False,
2026-05-15T09:06:22.741797,E,0.82,0.0,False,Stable
2026-05-15T09:06:22.945873,E,0.69,0.0,False,Stable
2026-05-15T09:06:23.143882,C,0.0,0.0,False,
2026-05-15T09:06:23.194369,F,42.99,64.0,False,Stable
2026-05-15T09:06:23.259504,E,1.88,0.0,False,Stable
2026-05-15T09:06:23.418580,E,0.17,0.0,False,Stable
2026-05-15T09:06:23.653605,C,0.0,0.0,False,
2026-05-15T09:06:23.714895,E,0.85,0.0,False,Stable
2026-05-15T09:06:23.890410,E,0.81,0.0,False,Stable
2026-05-15T09:06:24.145178,E,0.83,0.0,False,Stable
2026-05-15T09:06:24.202766,C,0.0,0.0,False,
2026-05-15T09:06:24.245450,F,49.4,64.0,False,Stable
2026-05-15T09:06:24.397058,E,1.23,0.0,False,Stable
2026-05-15T09:06:24.570293,E,6.88,0.0,True,LANDSLIDE DETECTED
2026-05-15T09:06:27.789571,E,0.78,0.0,False,Stable
2026-05-15T09:06:27.840499,C,0.0,0.0,False,
2026-05-15T09:06:27.996672,E,0.82,0.0,False,Stable
2026-05-15T09:06:28.266728,E,0.83,0.0,False,Stable
2026-05-15T09:06:28.320418,F,41.66,135.0,False,Stable
2026-05-15T09:06:28.368727,C,0.0,0.0,False,
2026-05-15T09:06:28.496362,E,0.79,0.0,False,Stable
2026-05-15T09:06:28.682107,E,0.79,0.0,False,Stable
2026-05-15T09:06:28.921801,C,0.0,0.0,False,
2026-05-15T09:06:28.980014,E,0.78,0.0,False,Stable
2026-05-15T09:06:29.145967,E,0.86,0.0,False,Stable
2026-05-15T09:06:29.409323,F,41.66,135.0,False,Stable
2026-05-15T09:06:29.455072,E,0.78,0.0,False,Stable
2026-05-15T09:06:29.514931,C,0.0,0.0,False,
2026-05-15T09:06:29.589352,E,0.77,0.0,False,Stable
2026-05-15T09:06:29.844673,E,0.78,0.0,False,Stable
2026-05-15T09:06:29.989868,C,0.0,0.0,False,
2026-05-15T09:06:30.065512,E,0.86,0.0,False,Stable
2026-05-15T09:06:30.308033,E,0.73,0.0,False,Stable
2026-05-15T09:06:30.367179,F,44.78,135.0,False,Stable
2026-05-15T09:06:30.506738,C,0.0,0.0,False,
2026-05-15T09:06:30.576874,E,0.77,0.0,False,Stable
2026-05-15T09:06:30.747265,E,0.79,0.0,False,Stable
2026-05-15T09:06:31.016625,E,0.75,0.0,False,Stable
2026-05-15T09:06:31.150299,C,0.0,0.0,False,
2026-05-15T09:06:31.204293,E,0.81,0.0,False,Stable
2026-05-15T09:06:31.444270,F,42.39,13.0,False,Stable
2026-05-15T09:06:31.513652,E,0.74,0.0,False,Stable
2026-05-15T09:06:31.592018,C,0.0,0.0,False,
2026-05-15T09:06:31.640407,E,0.79,0.0,False,Stable
2026-05-15T09:06:31.889904,E,0.79,0.0,False,Stable
2026-05-15T09:06:32.151071,C,0.0,0.0,False,
2026-05-15T09:06:32.206076,E,0.85,0.0,False,Stable
2026-05-15T09:06:32.351008,E,0.81,0.0,False,Stable
2026-05-15T09:06:32.490145,F,46.58,13.0,False,Stable
2026-05-15T09:06:32.635343,E,0.79,0.0,False,Stable
2026-05-15T09:06:32.690973,C,0.0,0.0,False,
2026-05-15T09:06:32.817275,E,0.78,0.0,False,Stable
2026-05-15T09:06:33.072187,E,0.8,0.0,False,Stable
2026-05-15T09:06:33.134477,C,0.0,0.0,False,
2026-05-15T09:06:33.262124,E,0.78,0.0,False,Stable
2026-05-15T09:06:33.511415,F,46.58,13.0,False,Stable
2026-05-15T09:06:33.657934,C,0.0,0.0,False,
2026-05-15T09:06:33.717779,E,0.78,0.0,False,Stable
2026-05-15T09:06:33.976757,E,0.78,0.0,False,Stable
2026-05-15T09:06:34.177349,C,0.0,0.0,False,
2026-05-15T09:06:34.245406,E,0.78,0.0,False,Stable
2026-05-15T09:06:34.392642,E,0.83,0.0,False,Stable
2026-05-15T09:06:34.551109,F,42.13,13.0,False,Stable
2026-05-15T09:06:34.704141,E,0.82,0.0,False,Stable
2026-05-15T09:06:34.757933,C,0.0,0.0,False,
2026-05-15T09:06:34.896203,E,0.81,0.0,False,Stable
2026-05-15T09:06:35.170548,E,0.77,0.0,False,Stable
2026-05-15T09:06:35.261815,C,0.0,0.0,False,
2026-05-15T09:06:35.317220,E,0.77,0.0,False,Stable
2026-05-15T09:06:35.565622,F,46.65,64.0,False,Stable
2026-05-15T09:06:35.629965,E,0.8,0.0,False,Stable
2026-05-15T09:06:35.776422,C,0.0,0.0,False,
2026-05-15T09:06:35.824425,E,0.8,0.0,False,Stable
2026-05-15T09:06:36.000298,E,0.81,0.0,False,Stable
2026-05-15T09:06:36.318152,E,0.79,0.0,False,Stable
2026-05-15T09:06:36.382839,C,0.0,0.0,False,
2026-05-15T09:06:36.459001,E,0.87,0.0,False,Stable
2026-05-15T09:06:36.592590,F,41.28,64.0,False,Stable
2026-05-15T09:06:36.736047,E,0.71,0.0,False,Stable
2026-05-15T09:06:36.868117,C,0.0,0.0,False,
2026-05-15T09:06:36.920852,E,0.78,0.0,False,Stable
2026-05-15T09:06:37.161036,E,0.79,0.0,False,Stable
2026-05-15T09:06:37.362402,C,0.0,0.0,False,
2026-05-15T09:06:37.494542,E,0.81,0.0,False,Stable
2026-05-15T09:06:37.629618,F,41.28,64.0,False,Stable
2026-05-15T09:06:37.693171,E,0.82,0.0,False,Stable
2026-05-15T09:06:37.865053,E,0.8,0.0,False,Stable
2026-05-15T09:06:37.919470,C,0.0,0.0,False,
2026-05-15T09:06:38.059150,E,0.79,0.0,False,Stable
2026-05-15T09:06:38.329561,E,0.81,0.0,False,Stable
2026-05-15T09:06:38.392431,C,0.0,0.0,False,
2026-05-15T09:06:38.532628,E,0.79,0.0,False,Stable
2026-05-15T09:06:38.660199,F,46.25,64.0,False,Stable
2026-05-15T09:06:38.828362,E,0.81,0.0,False,Stable
2026-05-15T09:06:38.965542,C,0.0,0.0,False,
2026-05-15T09:06:39.019035,E,0.85,0.0,False,Stable
2026-05-15T09:06:39.281466,E,0.75,0.0,False,Stable
2026-05-15T09:06:39.446718,E,0.81,0.0,False,Stable
2026-05-15T09:06:39.498404,C,0.0,0.0,False,
2026-05-15T09:06:39.634411,F,41.33,248.0,False,Stable
2026-05-15T09:06:39.682788,E,0.77,0.0,False,Stable
2026-05-15T09:06:39.956271,E,0.83,0.0,False,Stable
2026-05-15T09:06:40.024819,C,0.0,0.0,False,
2026-05-15T09:06:40.157808,E,0.71,0.0,False,Stable
2026-05-15T09:06:40.421723,E,0.8,0.0,False,Stable
2026-05-15T09:06:40.496183,C,0.0,0.0,False,
2026-05-15T09:06:40.628382,E,0.81,0.0,False,Stable
2026-05-15T09:06:40.687568,F,47.83,248.0,False,Stable
2026-05-15T09:06:40.850781,E,0.8,0.0,False,Stable
2026-05-15T09:06:41.010989,C,0.0,0.0,False,
2026-05-15T09:06:41.065489,E,0.81,0.0,False,Stable
2026-05-15T09:06:41.306864,E,0.8,0.0,False,Stable
2026-05-15T09:06:41.536062,E,0.8,0.0,False,Stable
2026-05-15T09:06:41.588966,C,0.0,0.0,False,
2026-05-15T09:06:41.716661,F,47.83,248.0,False,Stable
2026-05-15T09:06:41.758285,E,0.87,0.0,False,Stable
2026-05-15T09:06:42.001831,E,0.81,0.0,False,Stable
2026-05-15T09:06:42.073493,C,0.0,0.0,False,
2026-05-15T09:06:42.207835,E,0.78,0.0,False,Stable
2026-05-15T09:06:42.456218,E,0.77,0.0,False,Stable
2026-05-15T09:06:42.596901,C,0.0,0.0,False,
2026-05-15T09:06:42.653833,E,0.78,0.0,False,Stable
2026-05-15T09:06:42.782601,F,40.94,248.0,False,Stable
2026-05-15T09:06:42.929054,E,0.74,0.0,False,Stable
2026-05-15T09:06:43.110091,E,0.75,0.0,False,Stable
2026-05-15T09:06:43.170708,C,0.0,0.0,False,
2026-05-15T09:06:43.327452,E,0.84,0.0,False,Stable
2026-05-15T09:06:43.600718,E,0.76,0.0,False,Stable
2026-05-15T09:06:43.658747,C,0.0,0.0,False,
2026-05-15T09:06:43.783888,F,45.87,13.0,False,Stable
2026-05-15T09:06:43.835563,E,0.82,0.0,False,Stable
2026-05-15T09:06:44.032284,E,0.77,0.0,False,Stable
2026-05-15T09:06:44.188686,C,0.0,0.0,False,
2026-05-15T09:06:44.244530,E,0.76,0.0,False,Stable
2026-05-15T09:06:44.494288,E,0.79,0.0,False,Stable
2026-05-15T09:06:44.733333,E,0.74,0.0,False,Stable
2026-05-15T09:06:44.785599,C,0.0,0.0,False,
2026-05-15T09:06:44.896642,F,41.03,13.0,False,Stable
2026-05-15T09:06:44.973500,E,0.78,0.0,False,Stable
2026-05-15T09:06:45.154688,E,0.78,0.0,False,Stable
2026-05-15T09:06:45.289178,C,0.0,0.0,False,
2026-05-15T09:06:45.415109,E,0.79,0.0,False,Stable
2026-05-15T09:06:45.659437,E,0.77,0.0,False,Stable
2026-05-15T09:06:45.782939,C,0.0,0.0,False,
2026-05-15T09:06:45.836909,F,41.03,13.0,False,Stable
2026-05-15T09:06:45.891353,E,0.8,0.0,False,Stable
2026-05-15T09:06:46.148353,E,0.79,0.0,False,Stable
2026-05-15T09:06:46.289729,C,0.0,0.0,False,
2026-05-15T09:06:46.336400,E,0.8,0.0,False,Stable
2026-05-15T09:06:46.592464,E,0.8,0.0,False,Stable
2026-05-15T09:06:46.828486,E,0.7,0.0,False,Stable
2026-05-15T09:06:46.881514,C,0.0,0.0,False,
2026-05-15T09:06:46.934269,F,45.27,13.0,False,Stable
2026-05-15T09:06:46.986290,E,0.76,0.0,False,Stable
2026-05-15T09:06:47.252850,E,0.78,0.0,False,Stable
2026-05-15T09:06:47.380396,C,0.0,0.0,False,
2026-05-15T09:06:47.513431,E,0.77,0.0,False,Stable
2026-05-15T09:06:47.712335,E,0.74,0.0,False,Stable
2026-05-15T09:06:47.868455,F,40.84,13.0,False,Stable
2026-05-15T09:06:47.926449,C,0.0,0.0,False,
2026-05-15T09:06:47.978296,E,0.81,0.0,False,Stable
2026-05-15T09:06:48.230014,E,0.81,0.0,False,Stable
2026-05-15T09:06:48.369562,E,0.81,0.0,False,Stable
2026-05-15T09:06:48.409040,C,0.0,0.0,False,
2026-05-15T09:06:48.624789,E,0.74,0.0,False,Stable
2026-05-15T09:06:48.858666,E,0.77,0.0,False,Stable
2026-05-15T09:06:48.901503,F,44.79,13.0,False,Stable
2026-05-15T09:06:48.951454,C,0.0,0.0,False,
2026-05-15T09:06:49.095711,E,0.83,0.0,False,Stable
2026-05-15T09:06:49.275923,E,0.78,0.0,False,Stable
2026-05-15T09:06:49.447867,C,0.0,0.0,False,
2026-05-15T09:06:49.524479,E,0.77,0.0,False,Stable
2026-05-15T09:06:49.759707,E,0.78,0.0,False,Stable
2026-05-15T09:06:49.941520,F,44.79,13.0,False,Stable
2026-05-15T09:06:49.997419,E,0.79,0.0,False,Stable
2026-05-15T09:06:50.048083,C,0.0,0.0,False,
2026-05-15T09:06:50.206800,E,0.77,0.0,False,Stable
2026-05-15T09:06:50.490806,E,0.79,0.0,False,Stable
2026-05-15T09:06:50.547527,C,0.0,0.0,False,
2026-05-15T09:06:50.684689,E,0.8,0.0,False,Stable
2026-05-15T09:06:50.918317,E,0.78,0.0,False,Stable
2026-05-15T09:06:50.971500,F,42.05,13.0,False,Stable
2026-05-15T09:06:51.041428,C,0.0,0.0,False,
2026-05-15T09:06:51.127358,E,0.78,0.0,False,Stable
2026-05-15T09:06:51.363540,E,0.74,0.0,False,Stable
2026-05-15T09:06:51.635192,C,0.0,0.0,False,
2026-05-15T09:06:51.701316,E,0.8,0.0,False,Stable
2026-05-15T09:06:51.837275,E,0.75,0.0,False,Stable
2026-05-15T09:06:51.994145,F,45.14,64.0,False,Stable
2026-05-15T09:06:52.050311,E,0.77,0.0,False,Stable
2026-05-15T09:06:52.097609,C,0.0,0.0,False,
2026-05-15T09:06:52.264315,E,0.82,0.0,False,Stable
2026-05-15T09:06:52.532902,E,0.76,0.0,False,Stable
2026-05-15T09:06:52.671000,C,0.0,0.0,False,
2026-05-15T09:06:52.733972,E,0.87,0.0,False,Stable
2026-05-15T09:06:52.971766,E,0.78,0.0,False,Stable
2026-05-15T09:06:53.031213,F,45.14,64.0,False,Stable
2026-05-15T09:06:53.162849,C,0.0,0.0,False,
2026-05-15T09:06:53.218190,E,0.78,0.0,False,Stable
2026-05-15T09:06:53.418046,E,0.77,0.0,False,Stable
2026-05-15T09:06:53.661544,E,0.76,0.0,False,Stable
2026-05-15T09:06:53.732617,C,0.0,0.0,False,
2026-05-15T09:06:53.882868,E,0.75,0.0,False,Stable
2026-05-15T09:06:54.039732,F,40.32,64.0,False,Stable
2026-05-15T09:06:54.086737,E,0.83,0.0,False,Stable
2026-05-15T09:06:54.218176,C,0.0,0.0,False,
2026-05-15T09:06:54.350512,E,0.81,0.0,False,Stable
2026-05-15T09:06:54.617694,E,0.72,0.0,False,Stable
2026-05-15T09:06:54.755200,C,0.0,0.0,False,
2026-05-15T09:06:54.816400,E,0.76,0.0,False,Stable
2026-05-15T09:06:55.073029,E,0.77,0.0,False,Stable
2026-05-15T09:06:55.126901,F,44.31,64.0,False,Stable
2026-05-15T09:06:55.264961,E,0.77,0.0,False,Stable
2026-05-15T09:06:55.330283,C,0.0,0.0,False,
2026-05-15T09:06:55.467569,E,0.75,0.0,False,Stable
2026-05-15T09:06:55.714433,E,0.79,0.0,False,Stable
2026-05-15T09:06:55.784901,C,0.0,0.0,False,
2026-05-15T09:06:55.954375,E,0.75,0.0,False,Stable
2026-05-15T09:06:56.133789,F,39.88,64.0,False,Stable
2026-05-15T09:06:56.186171,E,0.77,0.0,False,Stable
2026-05-15T09:06:56.306262,C,0.0,0.0,False,
2026-05-15T09:06:56.451360,E,0.8,0.0,False,Stable
2026-05-15T09:06:56.612943,E,0.83,0.0,False,Stable
2026-05-15T09:06:56.859287,C,0.0,0.0,False,
2026-05-15T09:06:56.927156,E,0.77,0.0,False,Stable
2026-05-15T09:06:57.092877,E,0.75,0.0,False,Stable
2026-05-15T09:06:57.150533,F,39.88,64.0,False,Stable
2026-05-15T09:06:57.322383,E,0.82,0.0,False,Stable
2026-05-15T09:06:57.391511,C,0.0,0.0,False,
2026-05-15T09:06:57.539638,E,0.79,0.0,False,Stable
2026-05-15T09:06:57.785871,E,0.81,0.0,False,Stable
2026-05-15T09:06:57.935654,C,0.0,0.0,False,
2026-05-15T09:06:57.998104,E,0.73,0.0,False,Stable
2026-05-15T09:06:58.160493,F,45.12,64.0,False,Stable
2026-05-15T09:06:58.210551,E,0.78,0.0,False,Stable
2026-05-15T09:06:58.451609,C,0.0,0.0,False,
2026-05-15T09:06:58.521828,E,0.81,0.0,False,Stable
2026-05-15T09:06:58.687668,E,0.75,0.0,False,Stable
2026-05-15T09:06:58.914515,E,0.78,0.0,False,Stable
2026-05-15T09:06:58.973961,C,0.0,0.0,False,
2026-05-15T09:06:59.131176,E,0.78,0.0,False,Stable
2026-05-15T09:06:59.183071,F,38.28,64.0,False,Stable
2026-05-15T09:06:59.363773,E,0.79,0.0,False,Stable
2026-05-15T09:06:59.521273,C,0.0,0.0,False,
2026-05-15T09:06:59.586478,E,0.77,0.0,False,Stable
2026-05-15T09:06:59.850896,E,0.75,0.0,False,Stable
2026-05-15T09:06:59.985624,C,0.0,0.0,False,
2026-05-15T09:07:00.113290,E,0.76,0.0,False,Stable
2026-05-15T09:07:00.230391,F,42.75,64.0,False,Stable
2026-05-15T09:07:00.281600,E,0.8,0.0,False,Stable
2026-05-15T09:07:00.586044,E,0.79,0.0,False,Stable
2026-05-15T09:07:00.666605,C,0.0,0.0,False,
2026-05-15T09:07:00.741593,E,0.77,0.0,False,Stable
2026-05-15T09:07:00.980200,E,0.76,0.0,False,Stable
2026-05-15T09:07:01.062028,C,0.0,0.0,False,
2026-05-15T09:07:01.198807,E,0.81,0.0,False,Stable
2026-05-15T09:07:01.247791,F,42.75,64.0,False,Stable
2026-05-15T09:07:01.429067,E,0.83,0.0,False,Stable
2026-05-15T09:07:01.568696,C,0.0,0.0,False,
2026-05-15T09:07:01.643968,E,0.8,0.0,False,Stable
2026-05-15T09:07:01.898028,E,0.79,0.0,False,Stable
2026-05-15T09:07:02.151928,E,0.75,0.0,False,Stable
2026-05-15T09:07:02.205746,C,0.0,0.0,False,
2026-05-15T09:07:02.313049,F,37.15,64.0,False,Stable
2026-05-15T09:07:02.367058,E,0.76,0.0,False,Stable
2026-05-15T09:07:02.615728,E,0.84,0.0,False,Stable
2026-05-15T09:07:02.676189,C,0.0,0.0,False,
2026-05-15T09:07:02.813676,E,0.79,0.0,False,Stable
2026-05-15T09:07:03.069191,E,0.84,0.0,False,Stable
2026-05-15T09:07:03.216628,C,0.0,0.0,False,
2026-05-15T09:07:03.267837,E,0.75,0.0,False,Stable
2026-05-15T09:07:03.322224,F,42.36,64.0,False,Stable
2026-05-15T09:07:03.480978,E,0.8,0.0,False,Stable
2026-05-15T09:07:03.746769,C,0.0,0.0,False,
2026-05-15T09:07:03.792723,E,0.76,0.0,False,Stable
2026-05-15T09:07:03.939812,E,0.82,0.0,False,Stable
2026-05-15T09:07:04.196220,E,0.86,0.0,False,Stable
2026-05-15T09:07:04.254564,C,0.0,0.0,False,
2026-05-15T09:07:04.398873,F,42.36,64.0,False,Stable
2026-05-15T09:07:04.452345,E,0.74,0.0,False,Stable
2026-05-15T09:07:04.700211,E,0.79,0.0,False,Stable
2026-05-15T09:07:04.769367,C,0.0,0.0,False,
2026-05-15T09:07:04.895342,E,0.77,0.0,False,Stable
2026-05-15T09:07:05.167508,E,0.82,0.0,False,Stable
2026-05-15T09:07:05.283540,C,0.0,0.0,False,
2026-05-15T09:07:05.334092,E,0.79,0.0,False,Stable
2026-05-15T09:07:05.381112,F,37.05,13.0,False,Stable
2026-05-15T09:07:05.536720,E,0.79,0.0,False,Stable
2026-05-15T09:07:05.784721,E,0.76,0.0,False,Stable
2026-05-15T09:07:05.840401,C,0.0,0.0,False,
2026-05-15T09:07:05.999846,E,0.77,0.0,False,Stable
2026-05-15T09:07:06.255311,E,0.81,0.0,False,Stable
2026-05-15T09:07:06.319919,C,0.0,0.0,False,
2026-05-15T09:07:06.460515,F,42.31,13.0,False,Stable
2026-05-15T09:07:06.514159,E,0.8,0.0,False,Stable
2026-05-15T09:07:06.705978,E,0.72,0.0,False,Stable
2026-05-15T09:07:06.853087,C,0.0,0.0,False,
2026-05-15T09:07:06.924290,E,0.76,0.0,False,Stable
2026-05-15T09:07:07.166301,E,0.79,0.0,False,Stable
2026-05-15T09:07:07.428131,C,0.0,0.0,False,
2026-05-15T09:07:07.476833,E,0.77,0.0,False,Stable
2026-05-15T09:07:07.530848,F,42.31,13.0,False,Stable
2026-05-15T09:07:07.592661,E,0.83,0.0,False,Stable
2026-05-15T09:07:07.854847,E,0.76,0.0,False,Stable
2026-05-15T09:07:07.902417,C,0.0,0.0,False,
2026-05-15T09:07:08.061791,E,0.83,0.0,False,Stable
2026-05-15T09:07:08.315594,E,0.75,0.0,False,Stable
2026-05-15T09:07:08.451285,C,0.0,0.0,False,
2026-05-15T09:07:08.571143,F,36.34,13.0,False,Stable
2026-05-15T09:07:08.618312,E,0.74,0.0,False,Stable
2026-05-15T09:07:08.752283,E,0.85,0.0,False,Stable
2026-05-15T09:07:09.001084,C,0.0,0.0,False,
2026-05-15T09:07:09.053128,E,0.81,0.0,False,Stable
2026-05-15T09:07:09.212236,E,0.74,0.0,False,Stable
2026-05-15T09:07:09.469663,E,0.74,0.0,False,Stable
2026-05-15T09:07:09.519662,C,0.0,0.0,False,
2026-05-15T09:07:09.571038,F,40.92,64.0,False,Stable
2026-05-15T09:07:09.706743,E,0.77,0.0,False,Stable
2026-05-15T09:07:09.894343,E,0.86,0.0,False,Stable
2026-05-15T09:07:10.027471,C,0.0,0.0,False,
2026-05-15T09:07:10.174776,E,0.83,0.0,False,Stable
2026-05-15T09:07:10.365770,E,0.84,0.0,False,Stable
2026-05-15T09:07:10.521882,F,40.92,64.0,False,Stable
2026-05-15T09:07:10.567219,C,0.0,0.0,False,
2026-05-15T09:07:10.645339,E,0.73,0.0,False,Stable
2026-05-15T09:07:10.836362,E,0.75,0.0,False,Stable
2026-05-15T09:07:11.081551,E,0.79,0.0,False,Stable
2026-05-15T09:07:11.135014,C,0.0,0.0,False,
2026-05-15T09:07:11.272282,E,0.78,0.0,False,Stable
2026-05-15T09:07:11.530360,E,0.71,0.0,False,Stable
2026-05-15T09:07:11.581166,F,36.06,64.0,False,Stable
2026-05-15T09:07:11.628577,C,0.0,0.0,False,
2026-05-15T09:07:11.760977,E,0.8,0.0,False,Stable
2026-05-15T09:07:12.031260,E,0.75,0.0,False,Stable
2026-05-15T09:07:12.166435,C,0.0,0.0,False,
2026-05-15T09:07:12.220400,E,0.8,0.0,False,Stable
2026-05-15T09:07:12.457427,E,0.71,0.0,False,Stable
2026-05-15T09:07:12.646640,C,0.0,0.0,False,
2026-05-15T09:07:12.694805,E,0.84,0.0,False,Stable
2026-05-15T09:07:12.881957,E,0.8,0.0,False,Stable
2026-05-15T09:07:13.129032,E,0.77,0.0,False,Stable
2026-05-15T09:07:13.179790,C,0.0,0.0,False,
2026-05-15T09:07:13.332342,E,0.78,0.0,False,Stable
2026-05-15T09:07:13.583630,E,0.78,0.0,False,Stable
2026-05-15T09:07:13.630359,F,38.84,64.0,False,Stable
2026-05-15T09:07:13.697688,C,0.0,0.0,False,
2026-05-15T09:07:13.831595,E,0.82,0.0,False,Stable
2026-05-15T09:07:14.009776,E,0.8,0.0,False,Stable
2026-05-15T09:07:14.267472,C,0.0,0.0,False,
2026-05-15T09:07:14.319295,E,0.84,0.0,False,Stable
2026-05-15T09:07:14.499044,E,0.81,0.0,False,Stable
2026-05-15T09:07:14.645589,F,36.31,64.0,False,Stable
2026-05-15T09:07:14.690198,E,0.69,0.0,False,Stable
2026-05-15T09:07:14.760609,C,0.0,0.0,False,
2026-05-15T09:07:14.939785,E,0.78,0.0,False,Stable
2026-05-15T09:07:15.198094,E,0.79,0.0,False,Stable
2026-05-15T09:07:15.326611,C,0.0,0.0,False,
2026-05-15T09:07:15.402566,E,0.79,0.0,False,Stable
2026-05-15T09:07:15.654798,E,0.79,0.0,False,Stable
2026-05-15T09:07:15.711118,F,36.31,64.0,False,Stable
2026-05-15T09:07:15.851915,C,0.0,0.0,False,
2026-05-15T09:07:15.946033,E,0.83,0.0,False,Stable
2026-05-15T09:07:16.081518,E,0.79,0.0,False,Stable
2026-05-15T09:07:16.328951,E,0.79,0.0,False,Stable
2026-05-15T09:07:16.376843,C,0.0,0.0,False,
2026-05-15T09:07:16.538958,E,0.77,0.0,False,Stable
2026-05-15T09:07:16.691136,F,39.74,64.0,False,Stable
2026-05-15T09:07:16.760897,E,0.8,0.0,False,Stable
2026-05-15T09:07:16.895210,C,0.0,0.0,False,
2026-05-15T09:07:17.089815,E,0.77,0.0,False,Stable
2026-05-15T09:07:17.243666,E,0.77,0.0,False,Stable
2026-05-15T09:07:17.378820,C,0.0,0.0,False,
2026-05-15T09:07:17.450015,E,0.75,0.0,False,Stable
2026-05-15T09:07:17.708710,E,0.82,0.0,False,Stable
2026-05-15T09:07:17.756381,F,35.06,64.0,False,Stable
2026-05-15T09:07:17.919311,E,0.78,0.0,False,Stable
2026-05-15T09:07:17.967348,C,0.0,0.0,False,
2026-05-15T09:07:18.149578,E,0.74,0.0,False,Stable
2026-05-15T09:07:18.404660,E,0.77,0.0,False,Stable
2026-05-15T09:07:18.456730,C,0.0,0.0,False,
2026-05-15T09:07:18.598773,E,0.76,0.0,False,Stable
2026-05-15T09:07:18.747962,F,35.06,64.0,False,Stable
2026-05-15T09:07:18.809672,E,0.8,0.0,False,Stable
2026-05-15T09:07:18.971503,C,0.0,0.0,False,
2026-05-15T09:07:19.128530,E,0.76,0.0,False,Stable
2026-05-15T09:07:19.289163,E,0.85,0.0,False,Stable
2026-05-15T09:07:19.520853,C,0.0,0.0,False,
2026-05-15T09:07:19.582360,E,0.78,0.0,False,Stable
2026-05-15T09:07:19.759541,E,0.82,0.0,False,Stable
2026-05-15T09:07:19.813773,F,38.08,64.0,False,Stable
2026-05-15T09:07:20.025994,E,0.76,0.0,False,Stable
2026-05-15T09:07:20.083371,C,0.0,0.0,False,
2026-05-15T09:07:20.220025,E,0.79,0.0,False,Stable
2026-05-15T09:07:20.461106,E,0.78,0.0,False,Stable
2026-05-15T09:07:20.590721,C,0.0,0.0,False,
2026-05-15T09:07:20.665637,E,0.76,0.0,False,Stable
2026-05-15T09:07:20.817865,F,38.08,64.0,False,Stable
2026-05-15T09:07:20.946113,E,0.79,0.0,False,Stable
2026-05-15T09:07:21.095137,C,0.0,0.0,False,
2026-05-15T09:07:21.160953,E,0.81,0.0,False,Stable
2026-05-15T09:07:21.336019,E,0.82,0.0,False,Stable
2026-05-15T09:07:21.589357,E,0.81,0.0,False,Stable
2026-05-15T09:07:21.634446,C,0.0,0.0,False,
2026-05-15T09:07:21.830516,E,0.75,0.0,False,Stable
2026-05-15T09:07:21.896703,F,34.9,64.0,False,Stable
2026-05-15T09:07:22.034222,E,0.8,0.0,False,Stable
2026-05-15T09:07:22.162622,C,0.0,0.0,False,
2026-05-15T09:07:22.335861,E,0.82,0.0,False,Stable
2026-05-15T09:07:22.484499,E,0.75,0.0,False,Stable
2026-05-15T09:07:22.669250,C,0.0,0.0,False,
2026-05-15T09:07:22.718600,E,0.74,0.0,False,Stable
2026-05-15T09:07:22.873458,F,38.74,64.0,False,Stable
2026-05-15T09:07:23.000311,E,0.81,0.0,False,Stable
2026-05-15T09:07:23.188120,E,0.84,0.0,False,Stable
2026-05-15T09:07:23.239489,C,0.0,0.0,False,
2026-05-15T09:07:23.415881,E,0.78,0.0,False,Stable
2026-05-15T09:07:23.676639,E,0.74,0.0,False,Stable
2026-05-15T09:07:23.731306,C,0.0,0.0,False,
2026-05-15T09:07:23.884303,E,0.81,0.0,False,Stable
2026-05-15T09:07:23.940503,F,38.74,64.0,False,Stable
2026-05-15T09:07:24.093552,E,0.81,0.0,False,Stable
2026-05-15T09:07:24.231536,C,0.0,0.0,False,
2026-05-15T09:07:24.378748,E,0.79,0.0,False,Stable
2026-05-15T09:07:24.563104,E,0.79,0.0,False,Stable
2026-05-15T09:07:24.830883,C,0.0,0.0,False,
2026-05-15T09:07:24.930089,E,0.77,0.0,False,Stable
2026-05-15T09:07:24.988316,F,33.7,248.0,False,Stable
2026-05-15T09:07:25.046010,E,0.76,0.0,False,Stable
2026-05-15T09:07:25.288450,E,0.8,0.0,False,Stable
2026-05-15T09:07:25.343819,C,0.0,0.0,False,
2026-05-15T09:07:25.693952,E,0.77,0.0,False,Stable
2026-05-15T09:07:25.837422,C,0.0,0.0,False,
2026-05-15T09:07:26.007468,E,0.81,0.0,False,Stable
2026-05-15T09:07:26.079714,F,37.71,248.0,False,Stable
2026-05-15T09:07:26.158074,E,0.8,0.0,False,Stable
2026-05-15T09:07:26.337385,C,0.0,0.0,False,
2026-05-15T09:07:26.392093,E,0.81,0.0,False,Stable
2026-05-15T09:07:26.632588,E,0.79,0.0,False,Stable
2026-05-15T09:07:26.899569,E,0.83,0.0,False,Stable
2026-05-15T09:07:26.960227,C,0.0,0.0,False,
2026-05-15T09:07:27.022592,F,37.71,248.0,False,Stable
2026-05-15T09:07:27.083114,E,0.72,0.0,False,Stable
2026-05-15T09:07:27.321792,E,0.78,0.0,False,Stable
2026-05-15T09:07:27.452719,C,0.0,0.0,False,
2026-05-15T09:07:27.535651,E,0.81,0.0,False,Stable
2026-05-15T09:07:27.799853,E,0.78,0.0,False,Stable
2026-05-15T09:07:27.934266,C,0.0,0.0,False,
2026-05-15T09:07:28.005222,E,0.77,0.0,False,Stable
2026-05-15T09:07:28.068285,F,31.87,248.0,False,Stable
2026-05-15T09:07:28.225610,E,0.8,0.0,False,Stable
2026-05-15T09:07:28.479736,E,0.77,0.0,False,Stable
2026-05-15T09:07:28.553946,C,0.0,0.0,False,
2026-05-15T09:07:28.686186,E,0.78,0.0,False,Stable
2026-05-15T09:07:28.921835,E,0.82,0.0,False,Stable
2026-05-15T09:07:28.978131,C,0.0,0.0,False,
2026-05-15T09:07:29.042216,F,31.87,248.0,False,Stable
2026-05-15T09:07:29.173434,E,0.82,0.0,False,Stable
2026-05-15T09:07:29.352171,E,0.79,0.0,False,Stable
2026-05-15T09:07:29.514297,C,0.0,0.0,False,
2026-05-15T09:07:29.587631,E,0.88,0.0,False,Stable
2026-05-15T09:07:29.835891,E,0.77,0.0,False,Stable
2026-05-15T09:07:30.091712,C,0.0,0.0,False,
2026-05-15T09:07:30.161343,E,0.86,0.0,False,Stable
2026-05-15T09:07:30.218260,F,31.87,248.0,False,Stable
2026-05-15T09:07:30.271116,E,0.78,0.0,False,Stable
2026-05-15T09:07:30.525900,E,0.8,0.0,False,Stable
2026-05-15T09:07:30.588097,C,0.0,0.0,False,
2026-05-15T09:07:30.735382,E,0.74,0.0,False,Stable
2026-05-15T09:07:30.987152,E,0.79,0.0,False,Stable
2026-05-15T09:07:31.143032,C,0.0,0.0,False,
2026-05-15T09:07:31.194849,F,27.84,132.0,False,Stable
2026-05-15T09:07:31.249108,E,0.76,0.0,False,Stable
2026-05-15T09:07:31.430561,E,0.81,0.0,False,Stable
2026-05-15T09:07:31.637555,C,0.0,0.0,False,
2026-05-15T09:07:31.692612,E,0.76,0.0,False,Stable
2026-05-15T09:07:31.901754,E,0.75,0.0,False,Stable
2026-05-15T09:07:32.163683,E,0.74,0.0,False,Stable
2026-05-15T09:07:32.227894,F,35.58,132.0,False,Stable
2026-05-15T09:07:32.280594,C,0.0,0.0,False,
2026-05-15T09:07:32.337758,E,0.83,0.0,False,Stable
2026-05-15T09:07:32.580138,E,0.74,0.0,False,Stable
2026-05-15T09:07:32.710609,C,0.0,0.0,False,
2026-05-15T09:07:32.848094,E,0.77,0.0,False,Stable
2026-05-15T09:07:33.099754,E,0.76,0.0,False,Stable
2026-05-15T09:07:33.162467,F,35.58,132.0,False,Stable
2026-05-15T09:07:33.215976,C,0.0,0.0,False,
2026-05-15T09:07:33.265482,E,0.8,0.0,False,Stable
2026-05-15T09:07:33.545659,E,0.73,0.0,False,Stable
2026-05-15T09:07:33.721531,E,0.78,0.0,False,Stable
2026-05-15T09:07:33.772996,C,0.0,0.0,False,
2026-05-15T09:07:33.946441,E,0.78,0.0,False,Stable
2026-05-15T09:07:34.231400,E,0.8,0.0,False,Stable
2026-05-15T09:07:34.288229,F,35.34,132.0,False,Stable
2026-05-15T09:07:34.346276,C,0.0,0.0,False,
2026-05-15T09:07:34.400487,E,0.83,0.0,False,Stable
2026-05-15T09:07:34.653206,E,0.8,0.0,False,Stable
2026-05-15T09:07:34.782532,C,0.0,0.0,False,
2026-05-15T09:07:34.858026,E,0.69,0.0,False,Stable
2026-05-15T09:07:35.098221,E,0.79,0.0,False,Stable
2026-05-15T09:07:35.236877,F,35.34,132.0,False,Stable
2026-05-15T09:07:35.320286,C,0.0,0.0,False,
2026-05-15T09:07:35.376320,E,0.83,0.0,False,Stable
2026-05-15T09:07:35.532084,E,0.8,0.0,False,Stable
2026-05-15T09:07:35.787650,E,0.77,0.0,False,Stable
2026-05-15T09:07:35.843174,C,0.0,0.0,False,
2026-05-15T09:07:35.998334,E,0.8,0.0,False,Stable
2026-05-15T09:07:36.271321,E,0.74,0.0,False,Stable
2026-05-15T09:07:36.320083,F,29.86,248.0,False,Stable
2026-05-15T09:07:36.367243,C,0.0,0.0,False,
2026-05-15T09:07:36.498449,E,0.74,0.0,False,Stable
2026-05-15T09:07:36.747622,E,0.79,0.0,False,Stable
2026-05-15T09:07:36.893286,C,0.0,0.0,False,
2026-05-15T09:07:36.947605,E,0.77,0.0,False,Stable
2026-05-15T09:07:37.188317,E,0.73,0.0,False,Stable
2026-05-15T09:07:37.336296,F,29.86,248.0,False,Stable
2026-05-15T09:07:37.392276,E,0.79,0.0,False,Stable
2026-05-15T09:07:37.445351,C,0.0,0.0,False,
2026-05-15T09:07:37.598736,E,0.76,0.0,False,Stable
2026-05-15T09:07:37.848593,E,0.79,0.0,False,Stable
2026-05-15T09:07:37.970568,C,0.0,0.0,False,
2026-05-15T09:07:38.105687,E,0.73,0.0,False,Stable
2026-05-15T09:07:38.293399,E,0.76,0.0,False,Stable
2026-05-15T09:07:38.357298,F,25.4,248.0,False,Stable
2026-05-15T09:07:38.474476,C,0.0,0.0,False,
2026-05-15T09:07:38.525433,E,0.8,0.0,False,Stable
2026-05-15T09:07:38.777273,E,0.77,0.0,False,Stable
2026-05-15T09:07:39.023640,E,0.78,0.0,False,Stable
2026-05-15T09:07:39.064988,C,0.0,0.0,False,
2026-05-15T09:07:39.222918,E,0.88,0.0,False,Stable
2026-05-15T09:07:39.376189,F,25.4,248.0,False,Stable
2026-05-15T09:07:39.433724,E,0.82,0.0,False,Stable
2026-05-15T09:07:39.571448,C,0.0,0.0,False,
2026-05-15T09:07:39.722620,E,0.77,0.0,False,Stable
2026-05-15T09:07:39.900993,E,0.72,0.0,False,Stable
2026-05-15T09:07:40.022227,C,0.0,0.0,False,
2026-05-15T09:07:40.141118,E,0.77,0.0,False,Stable
2026-05-15T09:07:40.389339,E,0.77,0.0,False,Stable
2026-05-15T09:07:40.454345,F,34.13,248.0,False,Stable
2026-05-15T09:07:40.583447,C,0.0,0.0,False,
2026-05-15T09:07:40.643420,E,0.8,0.0,False,Stable
2026-05-15T09:07:40.825126,E,0.73,0.0,False,Stable
2026-05-15T09:07:41.077118,E,0.75,0.0,False,Stable
2026-05-15T09:07:41.125919,C,0.0,0.0,False,
2026-05-15T09:07:41.263583,E,0.81,0.0,False,Stable
2026-05-15T09:07:41.412465,F,34.76,13.0,False,Stable
2026-05-15T09:07:41.545980,E,0.76,0.0,False,Stable
2026-05-15T09:07:41.617465,C,0.0,0.0,False,
2026-05-15T09:07:41.749410,E,0.78,0.0,False,Stable
2026-05-15T09:07:41.991875,E,0.78,0.0,False,Stable
2026-05-15T09:07:42.148472,C,0.0,0.0,False,
2026-05-15T09:07:42.201281,E,0.82,0.0,False,Stable
2026-05-15T09:07:42.460838,E,0.8,0.0,False,Stable
2026-05-15T09:07:42.514550,F,34.76,13.0,False,Stable
2026-05-15T09:07:42.650428,E,0.82,0.0,False,Stable
2026-05-15T09:07:42.690459,C,0.0,0.0,False,
2026-05-15T09:07:42.868648,E,0.77,0.0,False,Stable
2026-05-15T09:07:43.108549,E,0.82,0.0,False,Stable
2026-05-15T09:07:43.228087,C,0.0,0.0,False,
2026-05-15T09:07:43.367791,E,0.79,0.0,False,Stable
2026-05-15T09:07:43.518083,F,29.61,13.0,False,Stable
2026-05-15T09:07:43.568132,E,0.72,0.0,False,Stable
2026-05-15T09:07:43.727656,C,0.0,0.0,False,
2026-05-15T09:07:43.784828,E,0.81,0.0,False,Stable
2026-05-15T09:07:44.045765,E,0.8,0.0,False,Stable
2026-05-15T09:07:44.292893,E,0.78,0.0,False,Stable
2026-05-15T09:07:44.335605,C,0.0,0.0,False,
2026-05-15T09:07:44.499929,E,0.76,0.0,False,Stable
2026-05-15T09:07:44.567379,F,29.61,13.0,False,Stable
2026-05-15T09:07:44.707112,E,0.74,0.0,False,Stable
2026-05-15T09:07:44.784276,C,0.0,0.0,False,
2026-05-15T09:07:44.942303,E,0.77,0.0,False,Stable
2026-05-15T09:07:45.177556,E,0.77,0.0,False,Stable
2026-05-15T09:07:45.314436,C,0.0,0.0,False,
2026-05-15T09:07:45.390345,E,0.76,0.0,False,Stable
2026-05-15T09:07:45.527843,F,29.61,13.0,False,Stable
2026-05-15T09:07:45.731393,E,0.69,0.0,False,Stable
2026-05-15T09:07:45.871368,C,0.0,0.0,False,
2026-05-15T09:07:45.924971,E,0.8,0.0,False,Stable
2026-05-15T09:07:46.093324,E,0.77,0.0,False,Stable
2026-05-15T09:07:46.337069,E,0.77,0.0,False,Stable
2026-05-15T09:07:46.386510,C,0.0,0.0,False,
2026-05-15T09:07:46.557308,F,25.58,13.0,False,Stable
2026-05-15T09:07:46.629725,E,0.74,0.0,False,Stable
2026-05-15T09:07:46.767126,E,0.74,0.0,False,Stable
2026-05-15T09:07:46.916121,C,0.0,0.0,False,
2026-05-15T09:07:47.057543,E,0.79,0.0,False,Stable
2026-05-15T09:07:47.208022,E,0.72,0.0,False,Stable
2026-05-15T09:07:47.447970,C,0.0,0.0,False,
2026-05-15T09:07:47.510215,E,0.78,0.0,False,Stable
2026-05-15T09:07:47.583199,F,34.39,135.0,False,Stable
2026-05-15T09:07:47.705475,E,0.71,0.0,False,Stable
2026-05-15T09:07:47.945973,E,0.82,0.0,False,Stable
2026-05-15T09:07:47.990746,C,0.0,0.0,False,
2026-05-15T09:07:48.135913,E,0.8,0.0,False,Stable
2026-05-15T09:07:48.392170,E,0.72,0.0,False,Stable
2026-05-15T09:07:48.536522,C,0.0,0.0,False,
2026-05-15T09:07:48.604785,F,34.39,135.0,False,Stable
2026-05-15T09:07:48.668218,E,0.76,0.0,False,Stable
2026-05-15T09:07:48.819510,E,0.8,0.0,False,Stable
2026-05-15T09:07:48.995428,C,0.0,0.0,False,
2026-05-15T09:07:49.049117,E,0.79,0.0,False,Stable
2026-05-15T09:07:49.298137,E,0.72,0.0,False,Stable
2026-05-15T09:07:49.535530,E,0.76,0.0,False,Stable
2026-05-15T09:07:49.592878,C,0.0,0.0,False,
2026-05-15T09:07:49.648850,F,34.39,135.0,False,Stable
2026-05-15T09:07:49.807925,E,0.82,0.0,False,Stable
2026-05-15T09:07:49.974805,E,0.78,0.0,False,Stable
2026-05-15T09:07:50.109207,C,0.0,0.0,False,
2026-05-15T09:07:50.236517,E,0.75,0.0,False,Stable
2026-05-15T09:07:50.491599,E,0.79,0.0,False,Stable
2026-05-15T09:07:50.639177,C,0.0,0.0,False,
2026-05-15T09:07:50.696541,F,27.24,135.0,False,Stable
2026-05-15T09:07:50.755585,E,0.8,0.0,False,Stable
2026-05-15T09:07:50.911209,E,0.8,0.0,False,Stable
2026-05-15T09:07:51.153910,C,0.0,0.0,False,
2026-05-15T09:07:51.206435,E,0.82,0.0,False,Stable
2026-05-15T09:07:51.366902,E,0.79,0.0,False,Stable
2026-05-15T09:07:51.590104,E,0.78,0.0,False,Stable
2026-05-15T09:07:51.643479,C,0.0,0.0,False,
2026-05-15T09:07:51.688261,F,35.68,135.0,False,Stable
2026-05-15T09:07:51.834867,E,0.79,0.0,False,Stable
2026-05-15T09:07:52.074717,E,0.81,0.0,False,Stable
2026-05-15T09:07:52.203146,C,0.0,0.0,False,
2026-05-15T09:07:52.267227,E,0.84,0.0,False,Stable
2026-05-15T09:07:52.516064,E,0.73,0.0,False,Stable
2026-05-15T09:07:52.702076,C,0.0,0.0,False,
2026-05-15T09:07:52.777195,F,35.68,135.0,False,Stable
2026-05-15T09:07:52.843400,E,0.76,0.0,False,Stable
2026-05-15T09:07:52.983847,E,0.79,0.0,False,Stable
2026-05-15T09:07:53.235794,E,0.8,0.0,False,Stable
2026-05-15T09:07:53.302090,C,0.0,0.0,False,
2026-05-15T09:07:53.437498,E,0.76,0.0,False,Stable
2026-05-15T09:07:53.698514,E,0.76,0.0,False,Stable
2026-05-15T09:07:53.757513,F,35.14,13.0,False,Stable
2026-05-15T09:07:53.827648,C,0.0,0.0,False,
2026-05-15T09:07:53.894018,E,0.78,0.0,False,Stable
2026-05-15T09:07:54.147659,E,0.76,0.0,False,Stable
2026-05-15T09:07:54.299211,C,0.0,0.0,False,
2026-05-15T09:07:54.366284,E,0.76,0.0,False,Stable
2026-05-15T09:07:54.551194,E,0.79,0.0,False,Stable
2026-05-15T09:07:54.811147,F,35.14,13.0,False,Stable
2026-05-15T09:07:54.878425,E,0.81,0.0,False,Stable
2026-05-15T09:07:54.951734,C,0.0,0.0,False,
2026-05-15T09:07:55.005681,E,0.79,0.0,False,Stable
2026-05-15T09:07:55.269980,E,0.84,0.0,False,Stable
2026-05-15T09:07:55.327932,C,0.0,0.0,False,
2026-05-15T09:07:55.486837,E,0.78,0.0,False,Stable
2026-05-15T09:07:55.758193,E,0.79,0.0,False,Stable
2026-05-15T09:07:55.820336,F,30.25,13.0,False,Stable
2026-05-15T09:07:55.894528,C,0.0,0.0,False,
2026-05-15T09:07:55.966098,E,0.78,0.0,False,Stable
2026-05-15T09:07:56.228643,E,0.79,0.0,False,Stable
2026-05-15T09:07:56.381965,C,0.0,0.0,False,
2026-05-15T09:07:56.445941,E,0.77,0.0,False,Stable
2026-05-15T09:07:56.601568,E,0.77,0.0,False,Stable
2026-05-15T09:07:56.881482,F,32.81,13.0,False,Stable
2026-05-15T09:07:56.943608,E,0.76,0.0,False,Stable
2026-05-15T09:07:57.006311,C,0.0,0.0,False,
2026-05-15T09:07:57.074481,E,0.79,0.0,False,Stable
2026-05-15T09:07:57.343581,E,0.75,0.0,False,Stable
2026-05-15T09:07:57.502678,C,0.0,0.0,False,
2026-05-15T09:07:57.572315,E,0.79,0.0,False,Stable
2026-05-15T09:07:57.758423,E,0.83,0.0,False,Stable
2026-05-15T09:07:57.899788,F,32.81,13.0,False,Stable
2026-05-15T09:07:57.989222,C,0.0,0.0,False,
2026-05-15T09:07:58.052555,E,0.78,0.0,False,Stable
2026-05-15T09:07:58.211493,E,0.77,0.0,False,Stable
2026-05-15T09:07:58.470692,E,0.82,0.0,False,Stable
2026-05-15T09:07:58.540553,C,0.0,0.0,False,
2026-05-15T09:07:58.682666,E,0.8,0.0,False,Stable
2026-05-15T09:07:58.953196,F,32.81,13.0,False,Stable
2026-05-15T09:07:59.020661,E,0.85,0.0,False,Stable
2026-05-15T09:07:59.077586,C,0.0,0.0,False,
2026-05-15T09:07:59.153518,E,0.81,0.0,False,Stable
2026-05-15T09:07:59.398630,E,0.76,0.0,False,Stable
2026-05-15T09:07:59.553720,C,0.0,0.0,False,
2026-05-15T09:07:59.609199,E,0.8,0.0,False,Stable
2026-05-15T09:07:59.874155,E,0.8,0.0,False,Stable
2026-05-15T09:07:59.926866,F,29.54,64.0,False,Stable
2026-05-15T09:08:00.068716,E,0.73,0.0,False,Stable
2026-05-15T09:08:00.141556,C,0.0,0.0,False,
2026-05-15T09:08:00.279949,E,0.77,0.0,False,Stable
2026-05-15T09:08:00.545961,E,0.81,0.0,False,Stable
2026-05-15T09:08:00.606148,C,0.0,0.0,False,
2026-05-15T09:08:00.745098,E,0.83,0.0,False,Stable
2026-05-15T09:08:00.959712,F,29.54,64.0,False,Stable
2026-05-15T09:08:01.009813,E,0.81,0.0,False,Stable
2026-05-15T09:08:01.161104,C,0.0,0.0,False,
2026-05-15T09:08:01.235252,E,0.78,0.0,False,Stable
2026-05-15T09:08:01.414975,E,0.82,0.0,False,Stable
2026-05-15T09:08:01.701135,E,0.8,0.0,False,Stable
2026-05-15T09:08:01.760541,C,0.0,0.0,False,
2026-05-15T09:08:01.894972,E,0.77,0.0,False,Stable
2026-05-15T09:08:01.967853,F,25.69,64.0,False,Stable
2026-05-15T09:08:02.125183,E,0.76,0.0,False,Stable
2026-05-15T09:08:02.192321,C,0.0,0.0,False,
2026-05-15T09:08:02.329587,E,0.77,0.0,False,Stable
2026-05-15T09:08:02.592196,E,0.82,0.0,False,Stable
2026-05-15T09:08:02.749311,C,0.0,0.0,False,
2026-05-15T09:08:02.800952,E,0.84,0.0,False,Stable
2026-05-15T09:08:03.041361,F,33.1,64.0,False,Stable
2026-05-15T09:08:03.098409,E,0.77,0.0,False,Stable
2026-05-15T09:08:03.253098,C,0.0,0.0,False,
2026-05-15T09:08:03.313892,E,0.79,0.0,False,Stable
2026-05-15T09:08:03.491984,E,0.75,0.0,False,Stable
2026-05-15T09:08:03.753710,E,0.8,0.0,False,Stable
2026-05-15T09:08:03.828945,C,0.0,0.0,False,
2026-05-15T09:08:03.960999,E,0.81,0.0,False,Stable
2026-05-15T09:08:04.096206,F,33.1,64.0,False,Stable
2026-05-15T09:08:04.171500,E,0.75,0.0,False,Stable
2026-05-15T09:08:04.313106,C,0.0,0.0,False,
2026-05-15T09:08:04.458743,E,0.85,0.0,False,Stable
2026-05-15T09:08:04.618187,E,0.84,0.0,False,Stable
2026-05-15T09:08:04.872448,C,0.0,0.0,False,
2026-05-15T09:08:04.921251,E,0.83,0.0,False,Stable
2026-05-15T09:08:05.067050,F,35.03,132.0,False,Stable
2026-05-15T09:08:05.118265,E,0.79,0.0,False,Stable
2026-05-15T09:08:05.330928,E,0.84,0.0,False,Stable
2026-05-15T09:08:05.397662,C,0.0,0.0,False,
2026-05-15T09:08:05.556694,E,0.79,0.0,False,Stable
2026-05-15T09:08:05.851773,E,0.77,0.0,False,Stable
2026-05-15T09:08:05.925577,C,0.0,0.0,False,
2026-05-15T09:08:05.994734,E,0.8,0.0,False,Stable
2026-05-15T09:08:06.119603,F,35.03,132.0,False,Stable
2026-05-15T09:08:06.261232,E,0.78,0.0,False,Stable
2026-05-15T09:08:06.420164,C,0.0,0.0,False,
2026-05-15T09:08:06.473138,E,0.78,0.0,False,Stable
2026-05-15T09:08:06.735500,E,0.8,0.0,False,Stable
2026-05-15T09:08:06.929018,C,0.0,0.0,False,
2026-05-15T09:08:06.987107,E,0.75,0.0,False,Stable
2026-05-15T09:08:07.130332,F,29.68,132.0,False,Stable
2026-05-15T09:08:07.184304,E,0.76,0.0,False,Stable
2026-05-15T09:08:07.409564,E,0.81,0.0,False,Stable
2026-05-15T09:08:07.468978,C,0.0,0.0,False,
2026-05-15T09:08:07.611664,E,0.72,0.0,False,Stable
2026-05-15T09:08:07.871329,E,0.78,0.0,False,Stable
2026-05-15T09:08:08.002986,C,0.0,0.0,False,
2026-05-15T09:08:08.052841,E,0.76,0.0,False,Stable
2026-05-15T09:08:08.194207,F,29.68,132.0,False,Stable
2026-05-15T09:08:08.347593,E,0.74,0.0,False,Stable
2026-05-15T09:08:08.503238,C,0.0,0.0,False,
2026-05-15T09:08:08.554433,E,0.79,0.0,False,Stable
2026-05-15T09:08:08.806631,E,0.72,0.0,False,Stable
2026-05-15T09:08:08.990243,E,0.81,0.0,False,Stable
2026-05-15T09:08:09.037763,C,0.0,0.0,False,
2026-05-15T09:08:09.180335,F,29.68,132.0,False,Stable
2026-05-15T09:08:09.236127,E,0.79,0.0,False,Stable
2026-05-15T09:08:09.494980,E,0.77,0.0,False,Stable
2026-05-15T09:08:09.545845,C,0.0,0.0,False,
2026-05-15T09:08:09.691350,E,0.82,0.0,False,Stable
2026-05-15T09:08:09.960365,E,0.78,0.0,False,Stable
2026-05-15T09:08:10.101122,C,0.0,0.0,False,
2026-05-15T09:08:10.149148,E,0.78,0.0,False,Stable
2026-05-15T09:08:10.203549,F,25.94,132.0,False,Stable
2026-05-15T09:08:10.361160,E,0.79,0.0,False,Stable
2026-05-15T09:08:10.634730,E,0.8,0.0,False,Stable
2026-05-15T09:08:10.701000,C,0.0,0.0,False,
2026-05-15T09:08:10.838254,E,0.78,0.0,False,Stable
2026-05-15T09:08:11.118853,E,0.79,0.0,False,Stable
2026-05-15T09:08:11.184404,C,0.0,0.0,False,
2026-05-15T09:08:11.250240,F,34.19,13.0,False,Stable
2026-05-15T09:08:11.323122,E,0.83,0.0,False,Stable
2026-05-15T09:08:11.507590,E,0.97,0.0,False,Stable
2026-05-15T09:08:11.675830,C,0.0,0.0,False,
2026-05-15T09:08:11.738253,E,0.59,0.0,False,Stable
2026-05-15T09:08:12.023167,E,0.78,0.0,False,Stable
2026-05-15T09:08:12.192230,E,0.83,0.0,False,Stable
2026-05-15T09:08:12.270380,C,0.0,0.0,False,
2026-05-15T09:08:12.351916,F,34.19,13.0,False,Stable
2026-05-15T09:08:12.450857,E,0.58,0.0,False,Stable
2026-05-15T09:08:12.666752,E,1.44,0.0,False,Stable
2026-05-15T09:08:12.731759,C,0.0,0.0,False,
2026-05-15T09:08:12.886432,E,0.82,0.0,False,Stable
2026-05-15T09:08:13.161433,E,0.78,0.0,False,Stable
2026-05-15T09:08:13.300995,C,0.0,0.0,False,
2026-05-15T09:08:13.396736,F,35.0,13.0,False,Stable
2026-05-15T09:08:13.470492,E,0.7,0.0,False,Stable
2026-05-15T09:08:13.618872,E,0.64,0.0,False,Stable
2026-05-15T09:08:13.809730,E,0.86,0.0,False,Stable
2026-05-15T09:08:13.897841,C,0.0,0.0,False,
2026-05-15T09:08:14.098394,E,0.84,0.0,False,Stable
2026-05-15T09:08:14.268005,E,0.87,0.0,False,Stable
2026-05-15T09:08:14.398143,C,0.0,0.0,False,
2026-05-15T09:08:14.454396,F,35.0,13.0,False,Stable
2026-05-15T09:08:14.712784,E,0.8,0.0,False,Stable
2026-05-15T09:08:14.863066,C,0.0,0.0,False,
2026-05-15T09:08:14.935251,E,0.81,0.0,False,Stable
2026-05-15T09:08:15.193542,E,0.76,0.0,False,Stable
2026-05-15T09:08:15.349025,C,0.0,0.0,False,
2026-05-15T09:08:15.408521,F,30.22,13.0,False,Stable
2026-05-15T09:08:15.462373,E,0.81,0.0,False,Stable
2026-05-15T09:08:15.645668,E,0.88,0.0,False,Stable
2026-05-15T09:08:15.846228,E,0.76,0.0,False,Stable
2026-05-15T09:08:15.897770,C,0.0,0.0,False,
2026-05-15T09:08:16.134278,E,0.78,0.0,False,Stable
2026-05-15T09:08:16.327924,E,0.81,0.0,False,Stable
2026-05-15T09:08:16.385839,F,30.22,13.0,False,Stable
2026-05-15T09:08:16.435595,C,0.0,0.0,False,
2026-05-15T09:08:16.564149,E,0.75,0.0,False,Stable
2026-05-15T09:08:16.777988,E,0.86,0.0,False,Stable
2026-05-15T09:08:16.937585,C,0.0,0.0,False,
2026-05-15T09:08:17.009738,E,0.74,0.0,False,Stable
2026-05-15T09:08:17.282640,E,0.8,0.0,False,Stable
2026-05-15T09:08:17.423145,F,27.39,13.0,False,Stable
2026-05-15T09:08:17.477396,E,0.75,0.0,False,Stable
2026-05-15T09:08:17.531038,C,0.0,0.0,False,
2026-05-15T09:08:17.694842,E,0.83,0.0,False,Stable
2026-05-15T09:08:17.936778,E,0.69,0.0,False,Stable
2026-05-15T09:08:17.982244,C,0.0,0.0,False,
2026-05-15T09:08:18.145395,E,0.76,0.0,False,Stable
2026-05-15T09:08:18.424188,E,0.97,0.0,False,Stable
2026-05-15T09:08:18.485862,F,35.67,13.0,False,Stable
2026-05-15T09:08:18.531753,C,0.0,0.0,False,
2026-05-15T09:08:18.671381,E,0.81,0.0,False,Stable
2026-05-15T09:08:18.834355,E,0.74,0.0,False,Stable
2026-05-15T09:08:19.085306,C,0.0,0.0,False,
2026-05-15T09:08:19.143606,E,0.75,0.0,False,Stable
2026-05-15T09:08:19.289714,E,0.83,0.0,False,Stable
2026-05-15T09:08:19.531224,F,35.67,13.0,False,Stable
2026-05-15T09:08:19.584342,E,0.77,0.0,False,Stable
2026-05-15T09:08:19.644491,C,0.0,0.0,False,
2026-05-15T09:08:19.771518,E,0.79,0.0,False,Stable
2026-05-15T09:08:20.024535,E,0.81,0.0,False,Stable
2026-05-15T09:08:20.163810,C,0.0,0.0,False,
2026-05-15T09:08:20.216000,E,0.8,0.0,False,Stable
2026-05-15T09:08:20.466365,E,1.01,0.0,False,Stable
2026-05-15T09:08:20.528433,F,37.93,13.0,False,Stable
2026-05-15T09:08:20.703573,C,0.0,0.0,False,
2026-05-15T09:08:20.760360,E,0.73,0.0,False,Stable
2026-05-15T09:08:20.932603,E,0.79,0.0,False,Stable
2026-05-15T09:08:21.118044,E,0.83,0.0,False,Stable
2026-05-15T09:08:21.180525,C,0.0,0.0,False,
2026-05-15T09:08:21.343060,E,0.7,0.0,False,Stable
2026-05-15T09:08:21.613701,F,37.93,13.0,False,Stable
2026-05-15T09:08:21.664474,E,0.8,0.0,False,Stable
2026-05-15T09:08:21.715571,C,0.0,0.0,False,
2026-05-15T09:08:21.849227,E,0.76,0.0,False,Stable
2026-05-15T09:08:22.031287,E,0.77,0.0,False,Stable
2026-05-15T09:08:22.215726,C,0.0,0.0,False,
2026-05-15T09:08:22.281757,E,0.84,0.0,False,Stable
2026-05-15T09:08:22.517842,E,0.78,0.0,False,Stable
2026-05-15T09:08:44.361572,C,0.0,0.0,False,
2026-05-15T09:08:44.506500,E,0.71,0.0,False,Stable
2026-05-15T09:08:44.759810,E,0.71,0.0,False,Stable
2026-05-15T09:08:44.917360,C,0.0,0.0,False,
2026-05-15T09:08:44.971437,E,0.86,0.0,False,Stable
2026-05-15T09:08:45.210572,E,0.78,0.0,False,Stable
2026-05-15T09:08:45.255455,F,27.15,132.0,False,Stable
2026-05-15T09:08:45.400571,E,0.83,0.0,False,Stable
2026-05-15T09:08:45.436410,C,0.0,0.0,False,
2026-05-15T09:08:45.651510,E,0.84,0.0,False,Stable
2026-05-15T09:08:45.968392,E,0.76,0.0,False,Stable
2026-05-15T09:08:46.096751,C,0.0,0.0,False,
2026-05-15T09:08:46.158457,E,0.82,0.0,False,Stable
2026-05-15T09:08:46.253422,F,26.24,64.0,False,Stable
2026-05-15T09:08:46.309167,E,0.74,0.0,False,Stable
2026-05-15T09:08:46.461010,C,0.0,0.0,False,
2026-05-15T09:08:46.618484,E,0.83,0.0,False,Stable
2026-05-15T09:08:46.787302,E,0.78,0.0,False,Stable
2026-05-15T09:08:47.027516,C,0.0,0.0,False,
2026-05-15T09:08:47.180330,E,0.81,0.0,False,Stable
2026-05-15T09:08:47.337208,E,0.78,0.0,False,Stable
2026-05-15T09:08:47.402514,F,35.86,64.0,False,Stable
2026-05-15T09:08:47.482572,E,0.83,0.0,False,Stable
2026-05-15T09:08:47.554073,C,0.0,0.0,False,
2026-05-15T09:08:47.727160,E,0.81,0.0,False,Stable
2026-05-15T09:08:47.918655,E,0.75,0.0,False,Stable
2026-05-15T09:08:48.047613,C,0.0,0.0,False,
2026-05-15T09:08:48.194292,E,0.81,0.0,False,Stable
2026-05-15T09:08:48.342320,F,35.86,64.0,False,Stable
2026-05-15T09:08:48.393924,E,0.75,0.0,False,Stable
2026-05-15T09:08:48.564651,C,0.0,0.0,False,
2026-05-15T09:08:48.625620,E,0.8,0.0,False,Stable
2026-05-15T09:08:48.893958,E,0.78,0.0,False,Stable
2026-05-15T09:08:49.067563,E,0.78,0.0,False,Stable
2026-05-15T09:08:49.128456,C,0.0,0.0,False,
2026-05-15T09:08:49.314179,E,0.71,0.0,False,Stable
2026-05-15T09:08:49.405657,F,28.72,64.0,False,Stable
2026-05-15T09:08:49.562307,E,0.81,0.0,False,Stable
2026-05-15T09:08:49.636848,C,0.0,0.0,False,
2026-05-15T09:08:49.781716,E,0.74,0.0,False,Stable
2026-05-15T09:08:50.043454,E,0.74,0.0,False,Stable
2026-05-15T09:08:50.181521,C,0.0,0.0,False,
2026-05-15T09:08:50.251911,E,0.75,0.0,False,Stable
2026-05-15T09:08:50.393095,F,28.72,64.0,False,Stable
2026-05-15T09:08:50.475889,E,0.82,0.0,False,Stable
2026-05-15T09:08:50.664458,E,0.8,0.0,False,Stable
2026-05-15T09:08:50.718120,C,0.0,0.0,False,
2026-05-15T09:08:50.896117,E,0.77,0.0,False,Stable
2026-05-15T09:08:51.152011,E,0.82,0.0,False,Stable
2026-05-15T09:08:51.216581,C,0.0,0.0,False,
2026-05-15T09:08:51.372751,E,0.78,0.0,False,Stable
2026-05-15T09:08:51.458125,F,36.94,135.0,False,Stable
2026-05-15T09:08:51.591645,E,0.77,0.0,False,Stable
2026-05-15T09:08:51.732002,C,0.0,0.0,False,
2026-05-15T09:08:51.876555,E,0.79,0.0,False,Stable
2026-05-15T09:08:52.039359,E,0.79,0.0,False,Stable
2026-05-15T09:08:52.283327,C,0.0,0.0,False,
2026-05-15T09:08:52.359975,E,0.73,0.0,False,Stable
2026-05-15T09:08:52.430613,F,37.34,135.0,False,Stable
2026-05-15T09:08:52.508264,E,0.83,0.0,False,Stable
2026-05-15T09:08:52.766874,E,0.79,0.0,False,Stable
2026-05-15T09:08:52.825525,C,1.0,0.0,True,
2026-05-15T09:08:53.319048,C,1.0,0.0,True,
2026-05-15T09:08:55.454190,C,1.0,0.0,True,
2026-05-15T09:08:58.584455,C,0.0,0.0,False,
2026-05-15T09:08:58.654937,F,28.32,132.0,False,Stable
2026-05-15T09:08:58.725568,E,0.83,0.0,False,Stable
2026-05-15T09:08:58.922334,E,0.75,0.0,False,Stable
2026-05-15T09:08:59.181513,C,0.0,0.0,False,
2026-05-15T09:08:59.241417,E,0.78,0.0,False,Stable
2026-05-15T09:08:59.380656,E,0.81,0.0,False,Stable
2026-05-15T09:08:59.648951,E,0.8,0.0,False,Stable
2026-05-15T09:08:59.719855,F,28.32,132.0,False,Stable
2026-05-15T09:08:59.816320,C,0.0,0.0,False,
2026-05-15T09:08:59.882336,E,0.75,0.0,False,Stable
2026-05-15T09:09:00.054793,E,0.82,0.0,False,Stable
2026-05-15T09:09:00.214402,C,0.0,0.0,False,
2026-05-15T09:09:00.291668,E,0.79,0.0,False,Stable
2026-05-15T09:09:00.552544,E,0.8,0.0,False,Stable
2026-05-15T09:09:00.687899,F,0.0,0.0,False,Stable
2026-05-15T09:09:00.761762,C,0.0,0.0,False,
2026-05-15T09:09:00.857456,E,0.82,0.0,False,Stable
2026-05-15T09:09:01.008122,E,0.71,0.0,False,Stable
2026-05-15T09:09:01.208123,E,0.81,0.0,False,Stable
2026-05-15T09:09:01.275571,C,0.0,0.0,False,
2026-05-15T09:09:01.420369,E,0.78,0.0,False,Stable
2026-05-15T09:09:01.699344,E,0.8,0.0,False,Stable
2026-05-15T09:09:01.757649,F,0.0,0.0,False,Stable
2026-05-15T09:09:01.825206,C,0.0,0.0,False,
2026-05-15T09:09:01.906206,E,0.78,0.0,False,Stable
2026-05-15T09:09:02.151324,E,0.85,0.0,False,Stable
2026-05-15T09:09:02.300533,C,0.0,0.0,False,
2026-05-15T09:09:02.374891,E,0.76,0.0,False,Stable
2026-05-15T09:09:02.618170,E,0.76,0.0,False,Stable
2026-05-15T09:09:02.770906,F,24.74,0.0,False,Stable
2026-05-15T09:09:02.841877,C,0.0,0.0,False,
2026-05-15T09:09:02.928437,E,0.74,0.0,False,Stable
2026-05-15T09:09:03.079571,E,0.78,0.0,False,Stable
2026-05-15T09:09:03.276018,E,0.81,0.0,False,Stable
2026-05-15T09:09:03.345974,C,1.0,0.0,True,
2026-05-15T09:09:03.877021,C,1.0,0.0,True,
2026-05-15T09:09:06.948310,E,0.7,0.0,False,Stable
2026-05-15T09:09:07.027124,C,0.0,0.0,False,
2026-05-15T09:09:07.172513,E,0.78,0.0,False,Stable
2026-05-15T09:09:07.438891,E,0.77,0.0,False,Stable
2026-05-15T09:09:07.587653,C,0.0,0.0,False,
2026-05-15T09:09:07.652600,E,0.74,0.0,False,Stable
2026-05-15T09:09:07.899856,E,0.79,0.0,False,Stable
2026-05-15T09:09:07.983289,F,31.35,13.0,False,Stable
2026-05-15T09:09:08.122515,C,0.0,0.0,False,
2026-05-15T09:09:08.214163,E,0.78,0.0,False,Stable
2026-05-15T09:09:08.358171,E,0.82,0.0,False,Stable
2026-05-15T09:09:08.526579,E,0.76,0.0,False,Stable
2026-05-15T09:09:08.593793,C,0.0,0.0,False,
2026-05-15T09:09:08.772420,E,0.78,0.0,False,Stable
2026-05-15T09:09:08.914222,F,30.28,13.0,False,Stable
2026-05-15T09:09:08.979756,E,0.72,0.0,False,Stable
2026-05-15T09:09:09.147435,C,0.0,0.0,False,
2026-05-15T09:09:09.227845,E,0.77,0.0,False,Stable
2026-05-15T09:09:09.483605,E,0.81,0.0,False,Stable
2026-05-15T09:09:09.646551,C,0.0,0.0,False,
2026-05-15T09:09:09.728852,E,0.86,0.0,False,Stable
2026-05-15T09:09:09.896797,E,0.81,0.0,False,Stable
2026-05-15T09:09:09.957286,F,42.48,13.0,False,Stable
2026-05-15T09:09:10.132089,E,0.74,0.0,False,Stable
2026-05-15T09:09:10.227926,C,0.0,0.0,False,
2026-05-15T09:09:10.364603,E,0.74,0.0,False,Stable
2026-05-15T09:09:10.608108,E,0.74,0.0,False,Stable
2026-05-15T09:09:10.704891,C,0.0,0.0,False,
2026-05-15T09:09:10.830807,E,0.79,0.0,False,Stable
2026-05-15T09:09:10.966580,F,142.47,93.0,True,CRITICAL BPM
2026-05-15T09:09:14.043819,E,0.76,0.0,False,Stable
2026-05-15T09:09:14.108543,F,100.7,93.0,False,Stable
2026-05-15T09:09:14.258868,E,0.77,0.0,False,Stable
2026-05-15T09:09:14.414200,C,0.0,0.0,False,
2026-05-15T09:09:14.480167,E,0.85,0.0,False,Stable
2026-05-15T09:09:14.724380,E,0.79,0.0,False,Stable
2026-05-15T09:09:14.920788,C,0.0,0.0,False,
2026-05-15T09:09:14.993772,E,0.65,0.0,False,Stable
2026-05-15T09:09:15.065755,F,50.73,93.0,False,Stable
2026-05-15T09:09:15.227902,E,0.68,0.0,False,Stable
2026-05-15T09:09:15.417003,E,0.85,0.0,False,Stable
2026-05-15T09:09:15.488099,C,0.0,0.0,False,
2026-05-15T09:09:15.665675,E,0.76,0.0,False,Stable
2026-05-15T09:09:15.884131,E,0.75,0.0,False,Stable
2026-05-15T09:09:16.042655,C,0.0,0.0,False,
2026-05-15T09:09:16.144180,E,0.81,0.0,False,Stable
2026-05-15T09:09:16.228722,F,43.41,93.0,False,Stable
2026-05-15T09:09:16.391325,E,0.83,0.0,False,Stable
2026-05-15T09:09:16.534872,C,0.0,0.0,False,
2026-05-15T09:09:16.599867,E,0.81,0.0,False,Stable
2026-05-15T09:09:17.051813,E,0.76,0.0,False,Stable
2026-05-15T09:09:17.112699,C,0.0,0.0,False,
2026-05-15T09:09:17.176690,F,43.41,93.0,False,Stable
2026-05-15T09:09:17.339523,E,0.74,0.0,False,Stable
2026-05-15T09:09:17.491842,E,0.74,0.0,False,Stable
2026-05-15T09:09:17.546229,C,0.0,0.0,False,
2026-05-15T09:09:17.700387,E,0.87,0.0,False,Stable
2026-05-15T09:09:17.955610,E,0.84,0.0,False,Stable
2026-05-15T09:09:18.098008,C,0.0,0.0,False,
2026-05-15T09:09:18.158372,E,0.83,0.0,False,Stable
2026-05-15T09:09:18.223815,F,47.48,0.0,False,Stable
2026-05-15T09:09:18.377166,E,0.75,0.0,False,Stable
2026-05-15T09:09:18.632374,C,0.0,0.0,False,
2026-05-15T09:09:18.692909,E,0.77,0.0,False,Stable
2026-05-15T09:09:18.847475,E,0.72,0.0,False,Stable
2026-05-15T09:09:19.076902,E,0.85,0.0,False,Stable
2026-05-15T09:09:19.132905,C,0.0,0.0,False,
2026-05-15T09:09:19.198863,F,58.3,0.0,False,Stable
2026-05-15T09:09:19.289166,E,0.8,0.0,False,Stable
2026-05-15T09:09:19.536827,E,0.74,0.0,False,Stable
2026-05-15T09:09:19.665135,C,0.0,0.0,False,
2026-05-15T09:09:19.745783,E,0.75,0.0,False,Stable
2026-05-15T09:09:20.033779,E,0.8,0.0,False,Stable
2026-05-15T09:09:20.182262,C,0.0,0.0,False,
2026-05-15T09:09:20.242977,E,0.83,0.0,False,Stable
2026-05-15T09:09:20.296720,F,71.01,0.0,False,Stable
2026-05-15T09:09:20.450697,E,0.82,0.0,False,Stable
2026-05-15T09:09:20.713811,E,0.78,0.0,False,Stable
2026-05-15T09:09:20.772154,C,0.0,0.0,False,
2026-05-15T09:09:20.929701,E,0.81,0.0,False,Stable
2026-05-15T09:09:21.169070,E,0.85,0.0,False,Stable
2026-05-15T09:09:21.235749,F,46.77,0.0,False,Stable
2026-05-15T09:09:21.295970,C,0.0,0.0,False,
2026-05-15T09:09:21.366253,E,0.82,0.0,False,Stable
2026-05-15T09:09:21.608476,E,0.81,0.0,False,Stable
2026-05-15T09:09:21.785484,C,0.0,0.0,False,
2026-05-15T09:09:21.855028,E,0.83,0.0,False,Stable
2026-05-15T09:09:22.074109,E,0.76,0.0,False,Stable
2026-05-15T09:09:22.333049,F,118.27,93.0,False,Stable
2026-05-15T09:09:22.409261,E,0.78,0.0,False,Stable
2026-05-15T09:09:22.483260,C,0.0,0.0,False,
2026-05-15T09:09:22.565915,E,0.75,0.0,False,Stable
2026-05-15T09:09:22.721164,E,0.84,0.0,False,Stable
2026-05-15T09:09:22.860400,C,0.0,0.0,False,
2026-05-15T09:09:23.013967,E,0.73,0.0,False,Stable
2026-05-15T09:09:23.178747,E,0.84,0.0,False,Stable
2026-05-15T09:09:23.313137,F,71.88,93.0,False,Stable
2026-05-15T09:09:23.368715,C,0.0,0.0,False,
2026-05-15T09:09:23.433746,E,0.8,0.0,False,Stable
2026-05-15T09:09:23.691076,E,0.81,0.0,False,Stable
2026-05-15T09:09:23.881682,E,0.75,0.0,False,Stable
2026-05-15T09:09:23.946330,C,0.0,0.0,False,
2026-05-15T09:09:24.107662,E,0.79,0.0,False,Stable
2026-05-15T09:09:24.352636,F,119.85,93.0,False,Stable
2026-05-15T09:09:24.426878,E,0.77,0.0,False,Stable
2026-05-15T09:09:24.503212,C,0.0,0.0,False,
2026-05-15T09:09:24.586805,E,0.77,0.0,False,Stable
2026-05-15T09:09:24.854679,E,0.78,0.0,False,Stable
2026-05-15T09:09:24.952042,C,0.0,0.0,False,
2026-05-15T09:09:25.049235,E,0.72,0.0,False,Stable
2026-05-15T09:09:25.262368,E,0.82,0.0,False,Stable
2026-05-15T09:09:25.417605,F,86.52,93.0,False,Stable
2026-05-15T09:09:25.507748,C,0.0,0.0,False,
2026-05-15T09:09:25.621046,E,0.78,0.0,False,Stable
2026-05-15T09:09:25.812241,E,0.76,0.0,False,Stable
2026-05-15T09:09:25.979592,E,0.84,0.0,False,Stable
2026-05-15T09:09:26.042188,C,0.0,0.0,False,
2026-05-15T09:09:26.205170,E,0.82,0.0,False,Stable
2026-05-15T09:09:26.381036,F,126.4,0.0,False,Stable
2026-05-15T09:09:26.439714,E,0.75,0.0,False,Stable
2026-05-15T09:09:26.517279,C,0.0,0.0,False,
2026-05-15T09:09:26.688039,E,0.8,0.0,False,Stable
2026-05-15T09:09:26.874790,E,0.76,0.0,False,Stable
2026-05-15T09:09:27.063188,C,0.0,0.0,False,
2026-05-15T09:09:27.125657,E,0.83,0.0,False,Stable
2026-05-15T09:09:27.381531,E,0.73,0.0,False,Stable
2026-05-15T09:09:27.441515,F,114.89,0.0,False,Stable
2026-05-15T09:09:27.589473,E,0.8,0.0,False,Stable
2026-05-15T09:09:27.647407,C,0.0,0.0,False,
2026-05-15T09:09:27.828228,E,0.78,0.0,False,Stable
2026-05-15T09:09:28.001060,E,0.79,0.0,False,Stable
2026-05-15T09:09:28.157102,C,0.0,0.0,False,
2026-05-15T09:09:28.233458,E,0.78,0.0,False,Stable
2026-05-15T09:09:28.494182,F,184.21,0.0,True,CRITICAL BPM
2026-05-15T09:09:31.554348,F,111.65,0.0,False,Stable
2026-05-15T09:09:31.724183,E,0.77,0.0,False,Stable
2026-05-15T09:09:31.800878,C,0.0,0.0,False,
2026-05-15T09:09:31.964629,E,0.78,0.0,False,Stable
2026-05-15T09:09:32.145678,E,0.79,0.0,False,Stable
2026-05-15T09:09:32.356064,C,0.0,0.0,False,
2026-05-15T09:09:32.531605,E,0.75,0.0,False,Stable
2026-05-15T09:09:32.637434,F,31.27,0.0,False,Stable
2026-05-15T09:09:32.729460,E,0.76,0.0,False,Stable
2026-05-15T09:09:32.894772,E,0.79,0.0,False,Stable
2026-05-15T09:09:32.978795,C,0.0,0.0,False,
2026-05-15T09:09:33.064573,E,0.76,0.0,False,Stable
2026-05-15T09:09:33.269145,E,0.79,0.0,False,Stable
2026-05-15T09:09:33.398010,C,0.0,0.0,False,
2026-05-15T09:09:33.567392,E,0.83,0.0,False,Stable
2026-05-15T09:09:33.669601,F,31.27,0.0,False,Stable
2026-05-15T09:09:33.858560,E,0.77,0.0,False,Stable
2026-05-15T09:09:33.960824,C,0.0,0.0,False,
2026-05-15T09:09:34.050058,E,0.8,0.0,False,Stable
2026-05-15T09:09:34.231963,E,0.78,0.0,False,Stable
2026-05-15T09:09:34.428590,E,0.77,0.0,False,Stable
2026-05-15T09:09:34.515872,C,0.0,0.0,False,
2026-05-15T09:09:34.686009,F,37.96,93.0,False,Stable
2026-05-15T09:09:34.784800,E,0.7,0.0,False,Stable
2026-05-15T09:09:34.878105,E,0.79,0.0,False,Stable
2026-05-15T09:09:34.975276,C,0.0,0.0,False,
2026-05-15T09:09:35.146389,E,0.78,0.0,False,Stable
2026-05-15T09:09:35.345989,E,0.8,0.0,False,Stable
2026-05-15T09:09:35.531388,C,0.0,0.0,False,
2026-05-15T09:09:35.615709,E,0.81,0.0,False,Stable
2026-05-15T09:09:35.710703,F,37.96,93.0,False,Stable
2026-05-15T09:09:35.895073,E,0.8,0.0,False,Stable
2026-05-15T09:09:36.081666,C,0.0,0.0,False,
2026-05-15T09:09:36.172009,E,0.88,0.0,False,Stable
2026-05-15T09:09:36.237610,E,0.76,0.0,False,Stable
2026-05-15T09:09:36.521184,E,0.75,0.0,False,Stable
2026-05-15T09:09:36.583344,C,0.0,0.0,False,
2026-05-15T09:09:36.730642,F,27.09,93.0,False,Stable
2026-05-15T09:09:36.793166,E,0.82,0.0,False,Stable
2026-05-15T09:09:36.959802,E,0.92,0.0,False,Stable
2026-05-15T09:09:37.052649,C,0.0,0.0,False,
2026-05-15T09:09:37.158854,E,0.78,0.0,False,Stable
2026-05-15T09:09:37.450289,E,0.78,0.0,False,Stable
2026-05-15T09:09:37.610803,C,0.0,0.0,False,
2026-05-15T09:09:37.684376,E,0.78,0.0,False,Stable
2026-05-15T09:09:37.757608,F,34.35,93.0,False,Stable
2026-05-15T09:09:37.861028,E,0.78,0.0,False,Stable
2026-05-15T09:09:38.175277,E,0.77,0.0,False,Stable
2026-05-15T09:09:38.251498,C,0.0,0.0,False,
2026-05-15T09:09:38.329575,E,0.81,0.0,False,Stable
2026-05-15T09:09:38.551508,E,0.79,0.0,False,Stable
2026-05-15T09:09:38.692250,C,0.0,0.0,False,
2026-05-15T09:09:38.758523,F,34.35,93.0,False,Stable
2026-05-15T09:09:38.824122,E,0.7,0.0,False,Stable
2026-05-15T09:09:38.994614,E,0.76,0.0,False,Stable
2026-05-15T09:09:39.210354,C,0.0,0.0,False,
2026-05-15T09:09:39.276825,E,0.79,0.0,False,Stable
2026-05-15T09:09:39.450700,E,0.77,0.0,False,Stable
2026-05-15T09:09:39.702974,E,0.8,0.0,False,Stable
2026-05-15T09:09:39.761093,C,0.0,0.0,False,
2026-05-15T09:09:39.820571,F,34.25,52.0,False,Stable
2026-05-15T09:09:39.956250,E,0.77,0.0,False,Stable
2026-05-15T09:09:40.140047,E,0.79,0.0,False,Stable
2026-05-15T09:09:40.230057,C,0.0,0.0,False,
2026-05-15T09:09:40.363854,E,0.77,0.0,False,Stable
2026-05-15T09:09:40.622718,E,2.49,0.0,False,Stable
2026-05-15T09:09:40.754498,C,0.0,0.0,False,
2026-05-15T09:09:40.815281,F,34.25,52.0,False,Stable
2026-05-15T09:09:40.877249,E,0.83,0.0,False,Stable
2026-05-15T09:09:41.056364,E,140.8,0.0,True,LANDSLIDE DETECTED
2026-05-15T09:09:41.549478,E,3.33,0.0,True,LANDSLIDE DETECTED
2026-05-15T09:09:42.240686,E,140.8,0.0,True,LANDSLIDE DETECTED
2026-05-15T09:09:42.659100,E,2.84,0.0,True,LANDSLIDE DETECTED
2026-05-15T09:09:45.864695,E,0.77,0.0,False,Stable
2026-05-15T09:09:46.015385,F,33.92,135.0,False,Stable
2026-05-15T09:09:46.083461,C,0.0,0.0,False,
2026-05-15T09:09:46.148930,E,0.75,0.0,False,Stable
2026-05-15T09:09:46.316879,E,0.85,0.0,False,Stable
2026-05-15T09:09:46.573240,C,0.0,0.0,False,
2026-05-15T09:09:46.647364,E,0.78,0.0,False,Stable
2026-05-15T09:09:46.790599,E,0.94,0.0,False,Stable
2026-05-15T09:09:47.011085,F,33.92,135.0,False,Stable
2026-05-15T09:09:47.102215,E,0.77,0.0,False,Stable
2026-05-15T09:09:47.178085,C,0.0,0.0,False,
2026-05-15T09:09:47.259874,E,0.77,0.0,False,Stable
2026-05-15T09:09:47.475812,E,0.8,0.0,False,Stable
2026-05-15T09:09:47.674832,C,0.0,0.0,False,
2026-05-15T09:09:47.737705,E,0.79,0.0,False,Stable
2026-05-15T09:09:47.930690,E,0.81,0.0,False,Stable
2026-05-15T09:09:48.013233,F,27.88,135.0,False,Stable
2026-05-15T09:09:48.172397,C,0.0,0.0,False,
2026-05-15T09:09:48.229124,E,0.76,0.0,False,Stable
2026-05-15T09:09:48.375374,E,0.78,0.0,False,Stable
2026-05-15T09:09:48.661251,E,0.79,0.0,False,Stable
2026-05-15T09:09:48.718507,C,0.0,0.0,False,
2026-05-15T09:09:48.863906,E,0.8,0.0,False,Stable
2026-05-15T09:09:49.053045,F,27.88,135.0,False,Stable
2026-05-15T09:09:49.139122,E,0.83,0.0,False,Stable
2026-05-15T09:09:49.209444,C,0.0,0.0,False,
2026-05-15T09:09:49.289621,E,0.83,0.0,False,Stable
2026-05-15T09:09:49.550081,E,0.78,0.0,False,Stable
2026-05-15T09:09:49.721936,C,0.0,0.0,False,
2026-05-15T09:09:49.779496,E,0.76,0.0,False,Stable
2026-05-15T09:09:49.965591,E,0.85,0.0,False,Stable
2026-05-15T09:09:50.118816,F,27.88,135.0,False,Stable
2026-05-15T09:09:50.234829,E,0.76,0.0,False,Stable
2026-05-15T09:09:50.290836,C,0.0,0.0,False,
2026-05-15T09:09:50.439864,E,0.75,0.0,False,Stable
2026-05-15T09:09:50.697994,E,0.79,0.0,False,Stable
2026-05-15T09:09:50.770438,C,0.0,0.0,False,
2026-05-15T09:09:50.941677,E,0.79,0.0,False,Stable
2026-05-15T09:09:51.096079,F,27.88,135.0,False,Stable
2026-05-15T09:09:51.172438,E,0.86,0.0,False,Stable
2026-05-15T09:09:51.312595,C,0.0,0.0,False,
2026-05-15T09:09:51.373527,E,0.81,0.0,False,Stable
2026-05-15T09:09:51.662822,E,0.77,0.0,False,Stable
2026-05-15T09:09:51.872756,E,0.79,0.0,False,Stable
2026-05-15T09:09:51.933288,C,0.0,0.0,False,
2026-05-15T09:09:52.093794,E,0.79,0.0,False,Stable
2026-05-15T09:09:52.177317,F,19.47,135.0,False,Stable
2026-05-15T09:09:52.330570,E,0.86,0.0,False,Stable
2026-05-15T09:09:52.394569,C,0.0,0.0,False,
2026-05-15T09:09:52.531909,E,0.78,0.0,False,Stable
2026-05-15T09:09:52.805427,E,0.77,0.0,False,Stable
2026-05-15T09:09:52.868108,C,0.0,0.0,False,
2026-05-15T09:09:53.009454,E,0.8,0.0,False,Stable
2026-05-15T09:09:53.155848,F,29.25,13.0,False,Stable
2026-05-15T09:09:53.227161,E,0.84,0.0,False,Stable
2026-05-15T09:09:53.395057,C,0.0,0.0,False,
2026-05-15T09:09:53.458010,E,0.78,0.0,False,Stable
2026-05-15T09:09:53.722964,E,0.76,0.0,False,Stable
2026-05-15T09:09:53.886610,E,0.79,0.0,False,Stable
2026-05-15T09:09:53.954684,C,0.0,0.0,False,
2026-05-15T09:09:54.126488,E,0.78,0.0,False,Stable
2026-05-15T09:09:54.200719,F,29.25,13.0,False,Stable
2026-05-15T09:09:54.367087,E,0.8,0.0,False,Stable
2026-05-15T09:09:54.518250,C,0.0,0.0,False,
2026-05-15T09:09:54.582913,E,0.82,0.0,False,Stable
2026-05-15T09:09:54.788527,E,0.79,0.0,False,Stable
2026-05-15T09:09:54.982447,C,0.0,0.0,False,
2026-05-15T09:09:55.043192,E,0.78,0.0,False,Stable
2026-05-15T09:09:55.214415,F,29.25,13.0,False,Stable
2026-05-15T09:09:55.272432,E,0.77,0.0,False,Stable
2026-05-15T09:09:55.529640,E,0.78,0.0,False,Stable
2026-05-15T09:09:55.598805,C,0.0,0.0,False,
2026-05-15T09:09:55.764881,E,0.67,0.0,False,Stable
2026-05-15T09:09:55.934219,E,0.82,0.0,False,Stable
2026-05-15T09:09:56.016413,C,0.0,0.0,False,
2026-05-15T09:09:56.177644,E,0.76,0.0,False,Stable
2026-05-15T09:09:56.238394,F,27.21,13.0,False,Stable
2026-05-15T09:09:56.398398,E,0.83,0.0,False,Stable
2026-05-15T09:09:56.545917,C,0.0,0.0,False,
2026-05-15T09:09:56.610907,E,0.68,0.0,False,Stable
2026-05-15T09:09:56.905420,E,0.79,0.0,False,Stable
2026-05-15T09:09:57.072505,E,0.78,0.0,False,Stable
2026-05-15T09:09:57.138979,C,0.0,0.0,False,
2026-05-15T09:09:57.306972,F,36.05,13.0,False,Stable
2026-05-15T09:09:57.369195,E,0.82,0.0,False,Stable
2026-05-15T09:09:57.534861,E,0.77,0.0,False,Stable
2026-05-15T09:09:57.605226,C,0.0,0.0,False,
2026-05-15T09:09:57.777268,E,0.74,0.0,False,Stable
2026-05-15T09:09:57.990311,E,0.81,0.0,False,Stable
2026-05-15T09:09:58.132432,C,0.0,0.0,False,
2026-05-15T09:09:58.277731,E,0.81,0.0,False,Stable
2026-05-15T09:09:58.334501,F,36.05,13.0,False,Stable
2026-05-15T09:09:58.481651,E,0.78,0.0,False,Stable
2026-05-15T09:09:58.675516,C,0.0,0.0,False,
2026-05-15T09:09:58.742707,E,0.82,0.0,False,Stable
2026-05-15T09:09:58.905984,E,0.71,0.0,False,Stable
2026-05-15T09:09:59.184388,E,0.79,0.0,False,Stable
2026-05-15T09:09:59.255239,C,0.0,0.0,False,
2026-05-15T09:09:59.325042,F,28.67,52.0,False,Stable
2026-05-15T09:09:59.385876,E,0.8,0.0,False,Stable
2026-05-15T09:09:59.596748,E,0.81,0.0,False,Stable
2026-05-15T09:09:59.743709,C,0.0,0.0,False,
2026-05-15T09:09:59.899374,E,0.79,0.0,False,Stable
2026-05-15T09:10:00.058896,E,0.77,0.0,False,Stable
2026-05-15T09:10:00.226542,C,0.0,0.0,False,
2026-05-15T09:10:00.290898,E,0.77,0.0,False,Stable
2026-05-15T09:10:00.359493,F,28.67,52.0,False,Stable
2026-05-15T09:10:00.505151,E,0.78,0.0,False,Stable
2026-05-15T09:10:00.764088,E,0.77,0.0,False,Stable
2026-05-15T09:10:00.820210,C,0.0,0.0,False,
2026-05-15T09:10:00.953897,E,0.79,0.0,False,Stable
2026-05-15T09:10:01.218515,E,0.78,0.0,False,Stable
2026-05-15T09:10:01.360162,C,0.0,0.0,False,
2026-05-15T09:10:01.416091,F,36.4,52.0,False,Stable
2026-05-15T09:10:01.471016,E,0.81,0.0,False,Stable
2026-05-15T09:10:01.649887,E,0.84,0.0,False,Stable
2026-05-15T09:10:01.958410,C,0.0,0.0,False,
2026-05-15T09:10:02.100196,E,0.81,0.0,False,Stable
2026-05-15T09:10:02.340329,E,0.8,0.0,False,Stable
2026-05-15T09:10:02.480548,E,0.73,0.0,False,Stable
2026-05-15T09:10:02.544687,C,0.0,0.0,False,
2026-05-15T09:10:02.617723,F,36.4,52.0,False,Stable
2026-05-15T09:10:02.675080,E,0.79,0.0,False,Stable
